uploader,dungeon,key_level,duration,timestamp,completion,IsScoreUpgrade,death1,death2,death3,death4,death5,death6,death7,death8,death9,death10,death11,death12,death13,death14,death15,death16,death17,death18,death19,death20,player1_name,player1_class,player1_spec,player1_ilvl,player1_role,player1_damage_amount,player1_dps,player1_damage_pct,player1_healing_amount,player1_hps,player1_deaths,player1_potions,player1_healthstones,player2_name,player2_class,player2_spec,player2_ilvl,player2_role,player2_damage_amount,player2_dps,player2_damage_pct,player2_healing_amount,player2_hps,player2_deaths,player2_potions,player2_healthstones,player3_name,player3_class,player3_spec,player3_ilvl,player3_role,player3_damage_amount,player3_dps,player3_damage_pct,player3_healing_amount,player3_hps,player3_deaths,player3_potions,player3_healthstones,player4_name,player4_class,player4_spec,player4_ilvl,player4_role,player4_damage_amount,player4_dps,player4_damage_pct,player4_healing_amount,player4_hps,player4_deaths,player4_potions,player4_healthstones,player5_name,player5_class,player5_spec,player5_ilvl,player5_role,player5_damage_amount,player5_dps,player5_damage_pct,player5_healing_amount,player5_hps,player5_deaths,player5_potions,player5_healthstones
BudoBoy07,The Seat of the Triumvirate,18,8:58,2026-04-28 21:09,0,0,Added: Umbral Bolt (2:06),Molníe: Void Sludge (6:29),Added: Backstab (8:46),Pepezz: Melee (8:47),Molníe: Melee (8:48),Chessidot: Void Expulsion (8:51),,,,,,,,,,,,,,,Pepezz,Monk,Brewmaster,282,Tank,51.80m,"96,221.4",13.85%,51.96m,"96,533.5",1,0,0,Powerpegging,Evoker,Augmentation,279,DPS,111.07m,"206,329.8",29.71%,4.82m,"8,952.2",0,0,0,Molníe,Paladin,Retribution,281,DPS,91.81m,"170,554.0",24.55%,4.06m,"7,538.0",2,0,0,Chessidot,Priest,Shadow,281,DPS,104.68m,"194,464.6",28.00%,8.96m,"16,651.4",1,0,0,Added,Paladin,Holy,281,Healer,14.54m,"27,002.3",3.89%,43.46m,"80,732.0",2,0,0
BudoBoy07,The Seat of the Triumvirate,19,26:29,2026-04-28 20:18,0,0,Snoozermonk: Relentless Pursuit (10:21),Stonehill: Shadow Pounce (15:09),Stonehill: Eruption (20:20),Falusse: Melee (23:41),Akadh: Pulsing Void (23:45),Powerpegging: Pulsing Void (23:45),Snoozermonk: Mass Void Infusion (23:48),Stonehill: Mass Void Infusion (23:48),Stonehill: Mind Flay (26:15),Powerpegging: Umbral Waves (26:21),Snoozermonk: Umbral Waves (26:24),Falusse: Mind Flay (26:26),Akadh: Pulsing Void (26:29),,,,,,,,Snoozermonk,Monk,Brewmaster,281,Tank,160.86m,"101,209.8",16.67%,131.25m,"82,580.2",3,0,0,Powerpegging,Evoker,Augmentation,279,DPS,253.61m,"159,569.2",26.27%,16.90m,"10,634.5",2,0,0,Akadh,Demon Hunter,Devourer,283,DPS,280.76m,"176,653.6",29.09%,20.23m,"12,727.0",2,0,0,Falusse,Paladin,Retribution,282,DPS,243.57m,"153,254.8",25.23%,14.51m,"9,127.7",2,0,0,Stonehill,Paladin,Holy,280,Healer,26.42m,"16,620.7",2.74%,113.23m,"71,244.7",4,0,0
BudoBoy07,Nexus-Point Xenas,18,29:41,2026-04-28 19:39,1,0,Stonehill: Melee (11:12),Findingdeath: Dark Beckoning (15:36),,,,,,,,,,,,,,,,,,,Gottmonkbit,Monk,Brewmaster,282,Tank,137.82m,"78,311.9",15.45%,120.68m,"68,571.7",0,0,0,Powerpegging,Evoker,Augmentation,279,DPS,254.30m,"144,500.9",28.50%,16.76m,"9,522.5",0,0,0,Findingdeath,Death Knight,Unholy,282,DPS,236.18m,"134,203.4",26.47%,8.49m,"4,825.5",1,0,0,Mëòw,Druid,Feral,279,DPS,229.32m,"130,304.0",25.70%,10.12m,"5,749.9",0,0,0,Stonehill,Paladin,Holy,280,Healer,34.60m,"19,659.8",3.88%,123.86m,"70,382.4",1,0,0
BudoBoy07,Nexus-Point Xenas,18,5:35,2026-04-28 19:33,0,0,Gottmonkbit: Arcing Mana (3:34),Mëòw: Arcing Mana (3:35),Findingdeath: Melee (3:36),Stonehill: Arcane Explosion (3:45),Powerpegging: Arcing Mana (3:48),,,,,,,,,,,,,,,,Gottmonkbit,Monk,Brewmaster,282,Tank,25.85m,"77,005.4",13.30%,23.96m,"71,382.4",1,0,0,Powerpegging,Evoker,Augmentation,279,DPS,54.05m,"161,051.5",27.80%,3.20m,"9,533.8",1,0,0,Findingdeath,Death Knight,Unholy,282,DPS,56.13m,"167,253.5",28.87%,1.69m,"5,034.9",1,0,0,Mëòw,Druid,Feral,279,DPS,53.64m,"159,809.1",27.59%,1.12m,"3,351.3",1,0,0,Stonehill,Paladin,Holy,280,Healer,4.74m,"14,124.7",2.44%,18.60m,"55,421.9",1,0,0
BudoBoy07,Nexus-Point Xenas,18,4:06,2026-04-28 19:24,0,0,Khalgrimsø: Erratic Zap (3:11),Khalgrimsø: Umbra Bolt (3:33),Tangler: Melee (3:44),Stonehill: Arcane Explosion (3:46),Powerpegging: Arcane Explosion (3:46),Mëòw: Arcane Explosion (3:46),,,,,,,,,,,,,,,Tangler,Druid,Guardian,279,Tank,24.94m,"101,288.6",15.68%,15.57m,"63,245.9",1,0,0,Powerpegging,Evoker,Augmentation,279,DPS,44.95m,"182,562.5",28.25%,2.25m,"9,131.3",1,0,0,Mëòw,Druid,Feral,279,DPS,44.94m,"182,531.9",28.25%,1.07m,"4,358.2",1,0,0,Khalgrimsø,Paladin,Retribution,280,DPS,38.93m,"158,097.5",24.47%,1.06m,"4,311.2",2,0,0,Stonehill,Paladin,Holy,280,Healer,5.33m,"21,634.2",3.35%,20.12m,"81,697.2",1,0,0
BudoBoy07,Nexus-Point Xenas,19,9:33,2026-04-28 19:05,0,0,Hyllepa: Dark Beckoning (8:47),Stonehill: Nullify (8:49),Nyrggeilijä: Dreadbellow (8:58),,,,,,,,,,,,,,,,,,Nyrggeilijä,Monk,Brewmaster,282,Tank,44.27m,"77,224.9",12.93%,36.84m,"64,270.2",1,0,0,Powerpegging,Evoker,Augmentation,279,DPS,92.46m,"161,278.6",27.00%,4.52m,"7,883.7",0,0,0,Jamesv,Demon Hunter,Devourer,281,DPS,110.48m,"192,729.3",32.27%,3.96m,"6,913.7",0,0,0,Hyllepa,Paladin,Retribution,281,DPS,86.44m,"150,777.0",25.25%,2.31m,"4,023.2",1,0,0,Stonehill,Paladin,Holy,280,Healer,8.74m,"15,251.5",2.55%,41.28m,"72,016.5",1,0,0
BudoBoy07,Windrunner Spire,19,23:56,2026-04-28 14:02,1,9,Mplusbeast: Acidic Demise (3:09),Øtachi: Sporecharged (5:48),Mplusbeast: Ignited Embers (9:00),Axynq: Phial Toss (12:42),Mplusbeast: Phial Toss (13:27),Axynq: Phial Toss (15:01),Mplusbeast: Gunk Splatter (17:11),Axynq: Gunk Splatter (18:31),Øtachi: Gunk Splatter (18:32),Мефмонк: Gunk Splatter (18:34),Powerpegging: Melee (18:35),,,,,,,,,,Мефмонк,Monk,Brewmaster,282,Tank,98.32m,"68,460.1",13.80%,79.95m,"55,668.5",1,4,2,Powerpegging,Evoker,Augmentation,279,DPS,194.35m,"135,329.0",27.28%,13.40m,"9,334.1",1,2,2,Mplusbeast,Death Knight,Unholy,281,DPS,177.38m,"123,515.7",24.90%,6.13m,"4,266.3",4,2,1,Øtachi,Demon Hunter,Devourer,281,DPS,229.57m,"159,858.6",32.23%,10.85m,"7,553.8",2,3,0,Axynq,Druid,Restoration,280,Healer,12.68m,"8,831.4",1.78%,98.46m,"68,557.9",3,3,0
BudoBoy07,Windrunner Spire,19,20:59,2026-04-28 13:34,0,0,Axynq: Flaming Updraft (9:06),Axynq: Flaming Twisters (9:27),Mplusbeast: Precise Cut (17:51),Végêtá: Melee (18:46),Mplusbeast: Arrow Rain (18:46),Øtachi: Melee (19:09),Axynq: Flame Nova (20:53),Végêtá: Shred Flesh (20:54),Øtachi: Intercepting Charge (20:55),Mplusbeast: Melee (20:56),Powerpegging: Melee (20:59),,,,,,,,,,Végêtá,Warrior,Protection,279,Tank,98.21m,"77,998.6",11.15%,59.24m,"47,046.7",2,4,2,Powerpegging,Evoker,Augmentation,279,DPS,235.46m,"187,003.8",26.73%,15.76m,"12,519.1",1,1,4,Mplusbeast,Death Knight,Unholy,281,DPS,255.13m,"202,622.0",28.96%,8.58m,"6,818.2",3,4,1,Øtachi,Demon Hunter,Devourer,281,DPS,281.26m,"223,378.8",31.93%,12.97m,"10,300.4",2,4,1,Axynq,Druid,Restoration,280,Healer,10.91m,"8,668.1",1.24%,126.36m,"100,355.2",3,3,2
BudoBoy07,Windrunner Spire,19,5:24,2026-04-28 13:29,0,0,Végêtá: Melee (3:01),Mplusbeast: Soul Torment (3:06),Øtachi: Soul Torment (3:10),,,,,,,,,,,,,,,,,,Végêtá,Warrior,Protection,279,Tank,22.75m,"70,093.2",12.09%,7.64m,"23,550.7",1,1,0,Powerpegging,Evoker,Augmentation,279,DPS,47.18m,"145,348.2",25.07%,2.29m,"7,047.0",0,1,1,Mplusbeast,Death Knight,Unholy,281,DPS,60.77m,"187,223.4",32.29%,2.06m,"6,353.5",1,1,0,Øtachi,Demon Hunter,Devourer,281,DPS,55.38m,"170,631.2",29.42%,2.22m,"6,851.5",1,1,0,Axynq,Druid,Restoration,280,Healer,2.14m,"6,578.9",1.14%,21.29m,"65,580.2",0,1,1
BudoBoy07,Windrunner Spire,19,7:31,2026-04-28 13:09,0,0,Cátzzy: Soul Torment (4:00),Xhì: Ignited Embers (7:03),Cadanver: Ignited Embers (7:24),Powerpegging: Fire Spit (7:29),Ironcláw: Melee (7:29),Cátzzy: Fire Breath (7:31),,,,,,,,,,,,,,,Ironcláw,Monk,Brewmaster,282,Tank,52.47m,"116,096.0",13.89%,32.13m,"71,093.1",1,3,0,Powerpegging,Evoker,Augmentation,279,DPS,97.05m,"214,761.2",25.70%,5.17m,"11,446.2",1,1,2,Cadanver,Death Knight,Unholy,283,DPS,126.24m,"279,337.0",33.43%,4.05m,"8,959.6",1,2,1,Xhì,Demon Hunter,Devourer,281,DPS,97.10m,"214,870.7",25.71%,5.74m,"12,708.3",1,2,0,Cátzzy,Druid,Restoration,281,Healer,4.81m,"10,646.4",1.27%,39.42m,"87,232.6",2,2,1
BudoBoy07,Windrunner Spire,19,14:53,2026-04-28 12:47,0,0,Ironcláw: Spore Dispersal (5:10),Xhì: Flaming Twisters (8:01),Powerpegging: Pulsing Shriek (14:32),Xhì: Pulsing Shriek (14:42),Ironcláw: Melee (14:47),Cadanver: Shadowrive (14:49),Cátzzy: Melee (14:53),,,,,,,,,,,,,,Ironcláw,Monk,Brewmaster,282,Tank,79.16m,"88,637.9",12.44%,58.96m,"66,021.1",2,3,3,Powerpegging,Evoker,Augmentation,279,DPS,171.24m,"191,751.8",26.90%,11.78m,"13,190.8",1,3,1,Cadanver,Death Knight,Unholy,283,DPS,201.05m,"225,137.0",31.59%,5.68m,"6,364.7",1,3,2,Xhì,Demon Hunter,Devourer,281,DPS,173.77m,"194,582.0",27.30%,8.19m,"9,169.3",2,3,1,Cátzzy,Druid,Restoration,281,Healer,11.29m,"12,641.2",1.77%,85.92m,"96,216.2",1,3,2
BudoBoy07,Windrunner Spire,19,19:42,2026-04-28 12:27,0,0,Cátzzy: Flaming Twisters (9:57),Cadanver: Phial Toss (11:15),Cátzzy: Phial Toss (14:01),Cadanver: Gunk Splatter (16:59),Cátzzy: Shadow Bolt (17:30),Xhì: Gunk Splatter (17:31),Powerpegging: Splattered (17:38),Ironcláw: Splattered (17:40),,,,,,,,,,,,,Ironcláw,Monk,Brewmaster,282,Tank,95.62m,"80,872.3",13.16%,70.64m,"59,745.0",1,4,2,Powerpegging,Evoker,Augmentation,279,DPS,194.94m,"164,878.6",26.83%,12.85m,"10,864.6",1,3,1,Cadanver,Death Knight,Unholy,283,DPS,200.83m,"169,865.5",27.64%,6.89m,"5,830.8",2,3,2,Xhì,Demon Hunter,Devourer,281,DPS,221.27m,"187,152.3",30.45%,11.37m,"9,617.0",1,2,0,Cátzzy,Druid,Restoration,281,Healer,13.89m,"11,746.0",1.91%,103.19m,"87,281.1",3,3,1
BudoBoy07,Magisters' Terrace,19,31:53,2026-04-28 11:11,1,2,Vâlderon: Holy Fire (10:54),Vâlderon: Runic Glaive (11:16),Vâlderon: Consuming Shadows (19:04),,,,,,,,,,,,,,,,,,Yuecchie,Monk,Brewmaster,280,Tank,168.59m,"89,821.5",13.51%,107.52m,"57,283.5",0,6,5,Powerpegging,Evoker,Augmentation,279,DPS,323.17m,"172,180.8",25.90%,18.45m,"9,828.0",0,3,4,Kepi,Death Knight,Unholy,281,DPS,366.29m,"195,150.8",29.36%,12.45m,"6,631.1",0,5,3,Vâlderon,Warlock,Demonology,282,DPS,349.48m,"186,198.2",28.01%,12.08m,"6,434.8",3,6,4,Niaxd,Druid,Restoration,282,Healer,40.04m,"21,332.4",3.21%,178.43m,"95,065.0",0,6,1
BudoBoy07,Windrunner Spire,19,3:08,2026-04-28 10:54,0,0,Xhszoàz: Spirit Bolt (1:12),Xhszoàz: Melee (2:25),Srbadin: Soul Torment (2:54),,,,,,,,,,,,,,,,,,Mikafatty,Monk,Brewmaster,281,Tank,23.46m,"124,323.1",14.52%,14.25m,"75,534.5",0,0,0,Powerpegging,Evoker,Augmentation,279,DPS,40.56m,"214,961.7",25.10%,2.73m,"14,457.0",0,0,3,Srbadin,Paladin,Retribution,280,DPS,44.07m,"233,523.8",27.28%,2.20m,"11,668.2",1,1,1,Aitnah,Warlock,Demonology,282,DPS,46.03m,"243,941.2",28.49%,2.64m,"13,972.1",0,1,3,Xhszoàz,Monk,Mistweaver,280,Healer,7.45m,"39,468.8",4.61%,20.07m,"106,380.1",2,1,2
BudoBoy07,Nexus-Point Xenas,19,2:15,2026-04-28 10:37,0,0,Wokmaster: Melee (1:03),Iniminibambi: Null Sunder (1:06),Powerpegging: Suppression Field (1:11),Фоксифыр: Suppression Field (1:35),,,,,,,,,,,,,,,,,Wokmaster,Monk,Brewmaster,282,Tank,8.97m,"66,330.2",12.70%,6.08m,"44,954.5",1,1,1,Powerpegging,Evoker,Augmentation,279,DPS,19.00m,"140,558.4",26.90%,940.3k,"6,954.4",1,1,0,Flokiys,Demon Hunter,Devourer,280,DPS,21.50m,"159,051.7",30.44%,412.3k,"3,049.6",0,2,0,Iniminibambi,Warrior,Arms,282,DPS,19.46m,"143,925.0",27.55%,495.8k,"3,666.8",1,1,0,Фоксифыр,Shaman,Restoration,281,Healer,1.70m,"12,581.4",2.41%,4.97m,"36,733.8",1,0,0
BudoBoy07,The Seat of the Triumvirate,19,7:08,2026-04-28 10:24,0,0,Blacknight: Void Sludge (5:15),Sleeplock: Void Sludge (6:30),Blacknight: Void Sludge (6:56),,,,,,,,,,,,,,,,,,Dopamemes,Monk,Brewmaster,278,Tank,39.04m,"91,191.7",11.81%,39.63m,"92,576.1",0,2,2,Powerpegging,Evoker,Augmentation,279,DPS,92.02m,"214,945.1",27.83%,3.63m,"8,472.4",0,1,0,Blacknight,Death Knight,Unholy,282,DPS,90.82m,"212,136.5",27.46%,4.42m,"10,333.4",2,2,1,Sleeplock,Warlock,Demonology,281,DPS,100.93m,"235,765.1",30.52%,3.79m,"8,847.6",1,2,1,Diaox,Priest,Discipline,272,Healer,7.88m,"18,416.2",2.38%,45.71m,"106,766.4",0,1,1
BudoBoy07,Maisara Caverns,19,31:10,2026-04-27 23:20,1,0,Ekser: Dread Slash (12:06),Ekser: Grim Ward (24:27),Powerpegging: Ritual Drums (24:29),,,,,,,,,,,,,,,,,,Airxm,Monk,Brewmaster,281,Tank,154.17m,"84,065.7",12.28%,121.28m,"66,131.5",0,6,5,Powerpegging,Evoker,Augmentation,279,DPS,318.86m,"173,865.8",25.39%,16.13m,"8,792.7",1,5,4,Watersash,Demon Hunter,Devourer,281,DPS,331.19m,"180,589.0",26.37%,14.54m,"7,928.5",0,5,2,Gwynblæídd,Warlock,Demonology,282,DPS,374.75m,"204,339.7",29.84%,14.87m,"8,108.1",0,6,7,Ekser,Monk,Mistweaver,279,Healer,76.99m,"41,981.1",6.13%,196.48m,"107,136.1",2,4,2
BudoBoy07,Maisara Caverns,19,31:10,2026-04-27 23:20,1,3,Ekser: Dread Slash (12:06),Ekser: Grim Ward (24:27),Powerpegging: Ritual Drums (24:29),,,,,,,,,,,,,,,,,,Airxm,Monk,Brewmaster,281,Tank,154.17m,"84,065.7",12.28%,121.28m,"66,131.5",0,6,5,Powerpegging,Evoker,Augmentation,279,DPS,318.86m,"173,865.8",25.39%,16.13m,"8,792.7",1,5,4,Watersash,Demon Hunter,Devourer,281,DPS,331.19m,"180,589.0",26.37%,14.54m,"7,928.5",0,5,2,Gwynblæídd,Warlock,Demonology,282,DPS,374.75m,"204,339.7",29.84%,14.87m,"8,108.1",0,6,7,Ekser,Monk,Mistweaver,279,Healer,76.99m,"41,981.1",6.13%,196.48m,"107,136.1",2,4,2
BudoBoy07,Windrunner Spire,19,5:37,2026-04-27 23:04,0,0,Balaurß: Poison Spray (2:10),Sentencesz: Fire Spit (4:52),Balaurß: Spore Dispersal (5:18),Powerpegging: Fire Spit (5:28),Jamesv: Spore Dispersal (5:36),,,,,,,,,,,,,,,,Prògødzmonk,Monk,Brewmaster,280,Tank,41.88m,"124,177.3",12.30%,32.16m,"95,339.3",0,1,0,Powerpegging,Evoker,Augmentation,279,DPS,91.35m,"270,851.5",26.84%,3.88m,"11,498.5",1,2,0,Sentencesz,Death Knight,Unholy,281,DPS,98.34m,"291,578.0",28.89%,2.84m,"8,425.2",1,1,1,Jamesv,Demon Hunter,Devourer,281,DPS,103.56m,"307,053.2",30.43%,4.96m,"14,709.1",1,1,1,Balaurß,Druid,Restoration,281,Healer,5.22m,"15,488.6",1.53%,33.71m,"99,954.3",2,1,0
BudoBoy07,Windrunner Spire,19,5:37,2026-04-27 23:04,0,0,Balaurß: Poison Spray (2:10),Sentencesz: Fire Spit (4:52),Balaurß: Spore Dispersal (5:18),Powerpegging: Fire Spit (5:28),Jamesv: Spore Dispersal (5:36),,,,,,,,,,,,,,,,Prògødzmonk,Monk,Brewmaster,280,Tank,41.88m,"124,177.3",12.30%,32.16m,"95,339.3",0,1,0,Powerpegging,Evoker,Augmentation,279,DPS,91.35m,"270,851.5",26.84%,3.88m,"11,498.5",1,2,0,Sentencesz,Death Knight,Unholy,281,DPS,98.34m,"291,578.0",28.89%,2.84m,"8,425.2",1,1,1,Jamesv,Demon Hunter,Devourer,281,DPS,103.56m,"307,053.2",30.43%,4.96m,"14,709.1",1,1,1,Balaurß,Druid,Restoration,281,Healer,5.22m,"15,488.6",1.53%,33.71m,"99,954.3",2,1,0
BudoBoy07,Algeth'ar Academy,18,29:58,2026-04-27 21:09,1,0,Shamom: Energy Eruption (26:48),,,,,,,,,,,,,,,,,,,,Bàrathrum,Druid,Guardian,279,Tank,140.31m,"78,318.8",14.11%,78.66m,"43,907.4",0,4,2,Powerpegging,Evoker,Augmentation,279,DPS,270.73m,"151,111.8",27.23%,14.77m,"8,244.3",0,4,2,Pyrololxdd,Mage,Frost,280,DPS,259.00m,"144,566.3",26.05%,10.74m,"5,993.3",0,4,2,Gadarr,Paladin,Retribution,281,DPS,278.20m,"155,284.4",27.99%,9.57m,"5,342.8",0,4,0,Shamom,Shaman,Restoration,282,Healer,45.86m,"25,596.3",4.61%,122.97m,"68,637.9",1,1,1
BudoBoy07,Algeth'ar Academy,18,25:33,2026-04-27 19:53,0,0,Dragetid: Mana Bomb (23:23),Crimson: Arcane Bolt (25:25),Stonehill: Melee (25:28),Powerpegging: Melee (25:31),Bàrathrum: Arcane Bolt (25:33),Dragetid: Melee (25:33),,,,,,,,,,,,,,,Bàrathrum,Druid,Guardian,279,Tank,108.09m,"70,493.7",11.75%,82.18m,"53,593.7",1,3,4,Powerpegging,Evoker,Devastation,279,DPS,228.33m,"148,913.2",24.82%,10.37m,"6,764.8",1,2,1,Crimson,Death Knight,Unholy,280,DPS,305.57m,"199,289.8",33.21%,9.04m,"5,898.6",1,4,2,Dragetid,Evoker,Augmentation,280,DPS,238.49m,"155,537.1",25.92%,9.13m,"5,953.0",2,5,0,Stonehill,Paladin,Holy,278,Healer,39.60m,"25,829.6",4.30%,94.46m,"61,604.4",1,3,3
BudoBoy07,Algeth'ar Academy,18,2:22,2026-04-27 19:51,0,0,Bàrathrum: Vile Bite (1:14),Crimson: Melee (1:15),Powerpegging: Melee (1:15),Dragetid: Melee (1:19),Stonehill: Melee (1:21),,,,,,,,,,,,,,,,Bàrathrum,Druid,Guardian,279,Tank,9.23m,"64,797.4",8.12%,4.23m,"29,713.8",1,1,0,Powerpegging,Evoker,Devastation,279,DPS,22.90m,"160,774.8",20.15%,935.2k,"6,564.8",1,1,0,Crimson,Death Knight,Unholy,280,DPS,52.53m,"368,770.6",46.22%,692.2k,"4,859.4",1,1,0,Dragetid,Evoker,Augmentation,280,DPS,25.50m,"178,993.9",22.44%,949.2k,"6,663.1",1,1,0,Stonehill,Paladin,Holy,278,Healer,3.48m,"24,423.7",3.06%,2.69m,"18,906.8",1,1,0
BudoBoy07,Algeth'ar Academy,18,6:38,2026-04-27 19:44,0,0,Stonehill: Burst Forth (5:14),Bàrathrum: Melee (5:22),Powerpegging: Lasher Toxin (5:22),Crimson: Melee (5:23),,,,,,,,,,,,,,,,,Bàrathrum,Druid,Guardian,279,Tank,41.91m,"105,173.8",12.87%,17.98m,"45,110.5",1,1,0,Powerpegging,Evoker,Devastation,279,DPS,79.55m,"199,624.9",24.43%,2.93m,"7,352.9",1,1,1,Crimson,Death Knight,Unholy,280,DPS,113.68m,"285,265.3",34.91%,2.08m,"5,221.0",1,1,1,Dragetid,Evoker,Augmentation,280,DPS,77.43m,"194,306.7",23.78%,1.42m,"3,562.8",0,1,0,Stonehill,Paladin,Holy,278,Healer,13.08m,"32,813.8",4.02%,16.19m,"40,635.5",1,1,0
BudoBoy07,Algeth'ar Academy,18,1:25,2026-04-27 17:38,0,0,,,,,,,,,,,,,,,,,,,,,Deathputz,Death Knight,Blood,282,Tank,11.62m,"135,547.2",19.61%,5.80m,"67,721.1",0,1,0,Powerpegging,Evoker,Augmentation,279,DPS,11.07m,"129,160.3",18.69%,59.0,0.7,0,0,0,Crimson,Death Knight,Unholy,280,DPS,20.67m,"241,135.3",34.89%,30.2k,352.0,0,1,0,Stonehill,Paladin,Retribution,271,DPS,15.16m,"176,842.0",25.59%,107.2k,"1,251.1",0,1,0,Endlessgrave,Priest,Discipline,281,Healer,721.7k,"8,421.0",1.22%,2.87m,"33,439.0",0,0,0
BudoBoy07,Magisters' Terrace,19,7:56,2026-04-27 17:09,0,0,Serpillère: Flamestrike (2:46),Chainzrøw: Holy Fire (3:08),Serpillère: Unstable Energy (7:08),Chainzrøw: Melee (7:33),Kepi: Arcane Expulsion (7:37),Zombamonk: Arcane Bolt (7:54),Powerpegging: Blink (7:55),,,,,,,,,,,,,,Zombamonk,Monk,Brewmaster,281,Tank,39.94m,"83,898.9",14.52%,22.33m,"46,918.1",1,3,0,Powerpegging,Evoker,Augmentation,279,DPS,73.95m,"155,346.5",26.89%,5.28m,"11,098.8",1,0,0,Kepi,Death Knight,Unholy,281,DPS,82.16m,"172,597.6",29.88%,3.38m,"7,101.3",1,1,0,Chainzrøw,Demon Hunter,Devourer,280,DPS,73.10m,"153,552.2",26.58%,3.97m,"8,339.8",2,2,0,Serpillère,Druid,Restoration,280,Healer,5.86m,"12,305.8",2.13%,30.86m,"64,823.6",2,1,0
BudoBoy07,Skyreach,19,26:45,2026-04-27 16:37,1,0,Serpillère: Flamestrike (2:46),Chainzrøw: Holy Fire (3:08),Serpillère: Unstable Energy (7:08),Chainzrøw: Melee (7:33),Kepi: Arcane Expulsion (7:37),Zombamonk: Arcane Bolt (7:54),Powerpegging: Blink (7:55),,,,,,,,,,,,,,Zombamonk,Monk,Brewmaster,281,Tank,39.94m,"83,898.9",14.52%,22.33m,"46,918.1",1,3,0,Powerpegging,Evoker,Augmentation,279,DPS,73.95m,"155,346.5",26.89%,5.28m,"11,098.8",1,0,0,Kepi,Death Knight,Unholy,281,DPS,82.16m,"172,597.6",29.88%,3.38m,"7,101.3",1,1,0,Chainzrøw,Demon Hunter,Devourer,280,DPS,73.10m,"153,552.2",26.58%,3.97m,"8,339.8",2,2,0,Serpillère,Druid,Restoration,280,Healer,5.86m,"12,305.8",2.13%,30.86m,"64,823.6",2,1,0
BudoBoy07,Skyreach,19,2:02,2026-04-27 16:29,0,0,Benndh: Ricocheting Chakram (1:50),Tntree: Ricocheting Chakram (1:50),,,,,,,,,,,,,,,,,,,Rxdiant,Monk,Brewmaster,279,Tank,13.64m,"111,604.3",11.18%,13.76m,"112,552.9",0,1,0,Powerpegging,Evoker,Augmentation,279,DPS,36.30m,"296,883.2",29.76%,1.98m,"16,178.8",0,1,0,Мэрукраины,Death Knight,Unholy,281,DPS,43.35m,"354,590.4",35.54%,1.10m,"8,971.5",0,1,0,Benndh,Demon Hunter,Devourer,281,DPS,25.98m,"212,484.3",21.30%,965.2k,"7,894.6",1,1,0,Tntree,Druid,Restoration,280,Healer,2.72m,"22,275.4",2.23%,9.60m,"78,510.9",1,0,0
BudoBoy07,Skyreach,19,21:46,2026-04-27 16:00,0,0,Twoofwives: Supernova (11:13),Powerpegging: Supernova (13:01),Мэрукраины: Solar Nova (21:24),Färts: Solar Flame (21:32),Мэрукраины: Solar Flame (21:43),Rxdiant: Melee (21:44),Twoofwives: Melee (21:44),Powerpegging: Melee (21:46),,,,,,,,,,,,,Rxdiant,Monk,Brewmaster,279,Tank,88.60m,"67,809.5",12.93%,71.98m,"55,092.7",1,1,1,Powerpegging,Evoker,Augmentation,279,DPS,183.73m,"140,615.9",26.82%,12.97m,"9,924.9",2,2,1,Мэрукраины,Death Knight,Unholy,281,DPS,224.39m,"171,739.8",32.75%,10.05m,"7,688.9",2,4,3,Twoofwives,Rogue,Assassination,281,DPS,184.07m,"140,876.5",26.87%,7.74m,"5,920.3",2,4,1,Färts,Druid,Restoration,282,Healer,4.35m,"3,327.0",0.63%,144.29m,"110,429.6",1,0,0
BudoBoy07,Skyreach,19,5:06,2026-04-27 15:51,0,0,Powerpegging: Blade Rush (2:51),Andøriel: Wind Chakram (4:31),Färts: Fan of Blades (5:00),Rxdiant: Fiery Talon (5:01),Мэрукраины: Melee (5:02),Powerpegging: Melee (5:04),,,,,,,,,,,,,,,Rxdiant,Monk,Brewmaster,279,Tank,26.91m,"87,774.9",12.89%,22.15m,"72,239.3",1,2,0,Powerpegging,Evoker,Augmentation,279,DPS,61.21m,"199,644.7",29.32%,3.46m,"11,291.0",2,1,0,Мэрукраины,Death Knight,Unholy,281,DPS,66.99m,"218,481.8",32.09%,2.37m,"7,717.0",1,2,1,Andøriel,Demon Hunter,Havoc,282,DPS,52.78m,"172,125.0",25.28%,2.13m,"6,946.9",1,1,0,Färts,Druid,Restoration,282,Healer,869.7k,"2,836.5",0.42%,35.88m,"117,006.1",1,0,0
BudoBoy07,The Seat of the Triumvirate,19,25:35,2026-04-27 14:50,0,0,Darilm: Shadow Pounce (15:09),Chaplol: Shadow Pounce (15:48),Powerpegging: Shadow Pounce (16:48),Dreamlow: Umbral Waves (21:35),Chaplol: Umbral Waves (22:06),Chaplol: Mass Void Infusion (24:33),Dreamlow: Mind Flay (25:13),Darilm: Mind Flay (25:17),Tengen: Mind Blast (25:29),Powerpegging: Mind Flay (25:34),,,,,,,,,,,Tengen,Monk,Brewmaster,282,Tank,137.14m,"89,331.1",14.44%,97.37m,"63,423.9",1,4,4,Powerpegging,Evoker,Augmentation,279,DPS,248.77m,"162,038.8",26.20%,15.30m,"9,966.2",2,3,6,Darilm,Hunter,Survival,282,DPS,249.91m,"162,781.4",26.32%,5.88m,"3,831.5",2,5,7,Chaplol,Warlock,Demonology,282,DPS,253.07m,"164,841.1",26.65%,9.74m,"6,342.9",3,5,6,Dreamlow,Monk,Mistweaver,282,Healer,60.64m,"39,496.9",6.39%,173.00m,"112,686.3",2,1,2
BudoBoy07,Windrunner Spire,18,33:13,2026-04-27 14:01,1,6,Jigé: Spore Dispersal (6:47),Zeedarya: Flaming Twisters (8:56),Zeedarya: Shadowrive (14:15),Tendub: Billowing Wind (31:25),,,,,,,,,,,,,,,,,Penyo,Druid,Guardian,281,Tank,136.59m,"70,354.8",13.52%,108.98m,"56,137.0",0,6,2,Powerpegging,Evoker,Augmentation,279,DPS,273.52m,"140,887.6",27.07%,16.77m,"8,635.9",0,2,1,Jigé,Paladin,Retribution,282,DPS,283.77m,"146,166.7",28.09%,10.92m,"5,626.1",1,5,3,Tendub,Paladin,Retribution,282,DPS,278.08m,"143,239.8",27.52%,11.65m,"6,001.3",1,6,2,Zeedarya,Priest,Discipline,281,Healer,38.40m,"19,779.9",3.80%,193.33m,"99,584.6",2,2,3
BudoBoy07,Windrunner Spire,18,2:48,2026-04-27 13:58,0,0,Jigé: Arcane Salvo (1:03),,,,,,,,,,,,,,,,,,,,Penyo,Druid,Guardian,281,Tank,13.43m,"79,694.1",16.70%,7.51m,"44,550.9",0,1,0,Powerpegging,Evoker,Augmentation,279,DPS,20.15m,"119,590.8",25.05%,1.38m,"8,166.7",0,0,0,Jigé,Paladin,Retribution,282,DPS,18.69m,"110,924.5",23.24%,757.8k,"4,497.7",1,1,1,Tendub,Paladin,Retribution,282,DPS,26.22m,"155,603.7",32.60%,893.0k,"5,299.9",0,1,0,Zeedarya,Priest,Discipline,281,Healer,1.94m,"11,514.8",2.41%,14.20m,"84,289.4",0,0,1
BudoBoy07,Windrunner Spire,19,1:51,2026-04-27 13:41,0,0,Gahijpal: Melee (0:28),Powerpegging: Arcane Salvo (0:59),Díverz: Arcane Salvo (1:22),Calamityz: Arcane Salvo (1:22),Powerpegging: Arcane Salvo (1:41),Gahijpal: Arcane Salvo (1:42),,,,,,,,,,,,,,,Взбучкаю,Druid,Guardian,280,Tank,25.74m,"230,985.5",32.63%,8.28m,"74,302.6",0,2,0,Powerpegging,Evoker,Augmentation,279,DPS,16.48m,"147,945.6",20.89%,2.00m,"17,914.8",2,1,2,Gahijpal,Paladin,Retribution,282,DPS,10.51m,"94,335.4",13.32%,796.7k,"7,150.4",2,1,0,Calamityz,Warlock,Demonology,282,DPS,25.71m,"230,778.6",32.59%,1.29m,"11,558.1",1,1,2,Díverz,Druid,Restoration,282,Healer,437.9k,"3,929.9",0.56%,11.52m,"103,361.1",1,1,1
BudoBoy07,Nexus-Point Xenas,19,3:20,2026-04-27 00:00,0,0,Airxm: Null Sunder (0:32),Powerpegging: Suppression Field (0:35),Shyvo: Melee (0:38),Shyvo: Umbra Bolt (3:01),Powerpegging: Arcing Mana (3:09),Airxm: Melee (3:15),Watersash: Corespark Surge (3:18),Gwynblæídd: Arcane Zap (3:19),,,,,,,,,,,,,Airxm,Monk,Brewmaster,281,Tank,17.56m,"87,656.1",13.27%,15.83m,"79,045.2",2,2,2,Powerpegging,Evoker,Augmentation,279,DPS,36.84m,"183,930.3",27.85%,1.69m,"8,462.6",2,1,3,Watersash,Demon Hunter,Devourer,281,DPS,38.39m,"191,699.3",29.02%,1.32m,"6,601.0",1,1,0,Gwynblæídd,Warlock,Demonology,282,DPS,38.87m,"194,107.8",29.38%,1.51m,"7,523.8",1,1,1,Shyvo,Druid,Restoration,281,Healer,619.3k,"3,092.4",0.47%,13.54m,"67,628.1",2,0,0
BudoBoy07,Maisara Caverns,18,0:36,2026-04-25 18:50,0,0,Snøoøw: Melee (0:20),Powerpegging: Melee (0:24),,,,,,,,,,,,,,,,,,,Snøoøw,Monk,Brewmaster,278,Tank,460.3k,"12,631.4",17.27%,309.6k,"8,497.8",1,1,0,Powerpegging,Evoker,Augmentation,279,DPS,1.39m,"38,163.1",52.14%,254.7k,"6,990.6",1,0,0,Nuoran,Paladin,Retribution,282,DPS,426.8k,"11,713.1",16.01%,81.8k,"2,245.2",0,0,0,Azuwrath,Warlock,Demonology,280,DPS,,,,14.4k,393.9,0,0,0,Sunri,Priest,Discipline,282,Healer,388.7k,"10,668.1",14.58%,939.0k,"25,771.3",0,1,0
BudoBoy07,Maisara Caverns,19,3:46,2026-04-25 18:12,0,0,Paoapo: Melee (3:25),Powerpegging: Melee (3:27),Teknoboom: Melee (3:27),Usêrs: Melee (3:29),Dräzôü: Shrink (3:31),Paoapo: Melee (3:34),,,,,,,,,,,,,,,Paoapo,Monk,Brewmaster,281,Tank,30.33m,"134,081.4",15.63%,21.68m,"95,826.2",2,1,1,Powerpegging,Evoker,Augmentation,279,DPS,53.94m,"238,429.0",27.80%,2.16m,"9,527.3",1,1,1,Teknoboom,Druid,Feral,282,DPS,58.16m,"257,070.2",29.97%,975.8k,"4,313.4",1,1,0,Dräzôü,Paladin,Retribution,282,DPS,46.12m,"203,854.6",23.77%,1.07m,"4,732.4",1,1,0,Usêrs,Priest,Discipline,281,Healer,5.51m,"24,369.7",2.84%,25.44m,"112,471.9",1,0,0
BudoBoy07,Skyreach,19,17:39,2026-04-25 16:52,1,6,Onetrickz: Chakram Vortex (5:00),Illúvatar: Solar Bolt (7:46),,,,,,,,,,,,,,,,,,,Rain,Druid,Guardian,280,Tank,85.94m,"81,110.2",15.79%,52.19m,"49,258.8",0,2,1,Powerpegging,Evoker,Augmentation,279,DPS,138.61m,"130,822.6",25.46%,9.48m,"8,943.3",0,1,1,Onetrickz,Hunter,Beast Mastery,282,DPS,142.83m,"134,802.0",26.24%,3.02m,"2,854.8",1,3,1,Illúvatar,Paladin,Retribution,282,DPS,143.13m,"135,082.5",26.29%,7.65m,"7,218.1",1,3,1,Kriislee,Monk,Mistweaver,280,Healer,33.83m,"31,925.9",6.21%,116.02m,"109,503.3",0,0,0
BudoBoy07,Algeth'ar Academy,18,1:01,2026-04-25 14:27,0,0,Peshounh: Melee (0:42),Babbath: Melee (0:48),Powerpegging: Seed Detonation (0:53),Nhileys: Melee (1:00),Phoffer: Melee (1:01),,,,,,,,,,,,,,,,Nhileys,Druid,Guardian,280,Tank,7.24m,"117,518.8",98.55%,2.37m,"38,565.1",1,1,0,Powerpegging,Evoker,Augmentation,279,DPS,,,,810.2k,"13,157.6",1,0,0,Peshounh,Death Knight,Unholy,280,DPS,6.9k,111.2,0.09%,87.6k,"1,423.3",1,0,0,Phoffer,Paladin,Retribution,283,DPS,,,,69.5k,"1,129.0",1,0,0,Babbath,Priest,Discipline,280,Healer,99.6k,"1,618.1",1.36%,118.7k,"1,928.2",1,0,0
BudoBoy07,Algeth'ar Academy,19,17:33,2026-04-25 13:59,0,0,Powerpegging: Seed Detonation (1:10),Kaffeosucre: Riftbreath (15:54),Powerpegging: Vicious Ambush (15:57),Davidgetter:  (16:36),Powerpegging: Mana Void (17:24),Signfly: Spellbound Weapon (17:29),,,,,,,,,,,,,,,Signfly,Druid,Guardian,281,Tank,104.85m,"99,550.9",14.85%,71.12m,"67,527.9",1,2,1,Powerpegging,Evoker,Augmentation,279,DPS,149.75m,"142,189.8",21.21%,8.40m,"7,978.7",3,2,1,Davidgetter,Demon Hunter,Devourer,283,DPS,215.21m,"204,343.5",30.48%,7.15m,"6,784.6",1,3,1,Nymphanf,Demon Hunter,Devourer,281,DPS,212.63m,"201,892.7",30.12%,6.50m,"6,170.1",0,4,1,Kaffeosucre,Priest,Discipline,280,Healer,23.62m,"22,424.2",3.35%,88.38m,"83,916.8",1,1,0
BudoBoy07,The Seat of the Triumvirate,18,2:15,2026-04-25 12:49,0,0,Coconutbob: Umbral Bolt (1:54),Hyterionxx: Melee (2:04),,,,,,,,,,,,,,,,,,,Coconutbob,Demon Hunter,Vengeance,280,Tank,19.94m,"147,005.9",14.40%,11.06m,"81,550.9",1,2,1,Powerpegging,Evoker,Augmentation,279,DPS,42.25m,"311,444.1",30.50%,1.11m,"8,212.2",0,2,0,Hyterionxx,Druid,Balance,281,DPS,35.76m,"263,656.4",25.82%,405.3k,"2,987.8",1,1,0,Fatpala,Paladin,Retribution,282,DPS,37.28m,"274,826.4",26.92%,753.8k,"5,557.1",0,2,0,Sunri,Priest,Discipline,282,Healer,3.28m,"24,191.4",2.37%,14.99m,"110,544.1",0,1,1
BudoBoy07,The Seat of the Triumvirate,18,0:56,2026-04-25 11:16,0,0,Shadowbrewx: Leeching Void (0:31),Addrow: Relentless Pursuit (0:44),,,,,,,,,,,,,,,,,,,Addrow,Monk,Brewmaster,277,Tank,7.75m,"136,990.6",8.93%,6.80m,"120,263.2",1,1,1,Powerpegging,Evoker,Augmentation,279,DPS,24.10m,"426,321.9",27.76%,848.6k,"15,009.4",0,1,0,Sintray,Death Knight,Unholy,281,DPS,27.86m,"492,806.7",32.09%,366.2k,"6,477.8",0,1,0,Voltra,Shaman,Enhancement,281,DPS,24.06m,"425,601.4",27.71%,490.0k,"8,666.6",0,1,0,Shadowbrewx,Monk,Mistweaver,282,Healer,3.06m,"54,118.4",3.52%,7.47m,"132,174.0",1,0,0
BudoBoy07,The Seat of the Triumvirate,18,27:19,2026-04-25 10:38,0,0,Galq: Void Expulsion (11:37),Galq: Shadow Pounce (13:21),Powerpegging: Overload (15:59),Powerpegging: Void Slam (17:50),Galq: Eruption (17:52),Galq: Umbral Waves (24:26),Galq: Umbral Waves (25:52),Powerpegging: Mind Flay (27:08),Sintray: Void Storm (27:15),Soohm: Void Storm (27:17),Sinnérgødx: Mind Flay (27:19),,,,,,,,,,Soohm,Monk,Brewmaster,279,Tank,134.39m,"81,948.2",15.93%,95.09m,"57,984.4",1,6,4,Powerpegging,Evoker,Augmentation,279,DPS,236.67m,"144,318.0",28.06%,16.54m,"10,083.6",3,1,2,Sintray,Death Knight,Unholy,281,DPS,237.70m,"144,940.7",28.18%,10.56m,"6,438.9",1,5,1,Galq,Druid,Balance,281,DPS,224.89m,"137,129.1",26.66%,4.55m,"2,774.8",5,5,2,Sinnérgødx,Druid,Restoration,282,Healer,9.84m,"6,002.9",1.17%,154.06m,"93,943.4",1,2,0
BudoBoy07,The Seat of the Triumvirate,18,13:28,2026-04-25 10:25,0,0,Smoophy: Melee (8:21),Sintray: Devouring Frenzy (8:25),Smoophy: Relentless Pursuit (9:55),Sintray: Melee (9:59),,,,,,,,,,,,,,,,,Smoophy,Monk,Brewmaster,279,Tank,51.45m,"63,670.9",15.28%,40.84m,"50,537.7",2,2,0,Powerpegging,Evoker,Augmentation,279,DPS,96.28m,"119,146.1",28.59%,4.77m,"5,904.5",0,2,0,Sintray,Death Knight,Unholy,281,DPS,89.74m,"111,049.7",26.65%,4.42m,"5,467.0",2,3,1,Galq,Druid,Balance,281,DPS,96.06m,"118,873.9",28.52%,1.93m,"2,391.9",0,2,1,Sinnérgødx,Druid,Restoration,282,Healer,3.24m,"4,008.9",0.96%,69.82m,"86,405.3",0,1,1
BudoBoy07,Skyreach,18,26:49,2026-04-24 23:14,1,0,Neky: Fiery Talon (17:05),Crimson: Melee (17:06),Twolliiss: Melee (17:19),Stonehill: Solar Flame (20:50),Stonehill: Solar Fire (20:55),,,,,,,,,,,,,,,,Neky,Monk,Brewmaster,282,Tank,116.81m,"75,673.8",14.86%,95.84m,"62,090.5",1,5,2,Powerpegging,Evoker,Augmentation,279,DPS,208.16m,"134,854.9",26.48%,14.49m,"9,385.0",0,1,2,Crimson,Death Knight,Unholy,280,DPS,227.94m,"147,669.9",28.99%,10.02m,"6,491.4",1,5,4,Twolliiss,Warlock,Demonology,280,DPS,215.95m,"139,900.4",27.47%,13.45m,"8,716.8",1,5,10,Stonehill,Paladin,Holy,279,Healer,17.34m,"11,230.7",2.21%,129.67m,"84,008.0",2,4,6
BudoBoy07,Skyreach,18,3:03,2026-04-24 23:11,0,0,Neky:  (0:31),Powerpegging:  (0:55),Powerpegging:  (0:56),,,,,,,,,,,,,,,,,,Neky,Monk,Brewmaster,282,Tank,9.28m,"50,478.9",10.02%,8.54m,"46,486.2",1,1,2,Powerpegging,Evoker,Augmentation,279,DPS,22.50m,"122,430.1",24.29%,1.75m,"9,549.2",2,1,0,Crimson,Death Knight,Unholy,280,DPS,30.91m,"168,215.3",33.37%,802.5k,"4,367.0",0,1,0,Twolliiss,Warlock,Demonology,280,DPS,29.03m,"157,970.3",31.34%,761.6k,"4,144.1",0,1,0,Stonehill,Paladin,Holy,279,Healer,915.7k,"4,982.9",0.99%,8.74m,"47,549.9",0,1,0
BudoBoy07,Windrunner Spire,17,32:11,2026-04-24 22:27,1,0,Jingko: Sporecharged (5:06),Gryko: Melee (5:08),Powerpegging: Flaming Twisters (7:55),Stonehill: Flaming Twisters (9:43),Jingko: Fetid Bile (12:40),Gryko: Melee (12:47),Stonehill: Falling Rubble (25:13),Crimson: Falling Rubble (25:36),,,,,,,,,,,,,Jingko,Monk,Brewmaster,278,Tank,127.18m,"69,898.9",14.10%,106.67m,"58,623.1",2,5,2,Powerpegging,Evoker,Augmentation,279,DPS,240.78m,"132,327.7",26.70%,13.73m,"7,546.7",1,2,2,Crimson,Death Knight,Unholy,280,DPS,273.57m,"150,353.3",30.34%,10.24m,"5,628.0",1,6,3,Gryko,Warrior,Arms,280,DPS,223.54m,"122,854.3",24.79%,13.54m,"7,440.5",2,6,0,Stonehill,Paladin,Holy,279,Healer,36.72m,"20,179.5",4.07%,127.16m,"69,886.0",2,4,3
BudoBoy07,Algeth'ar Academy,16,26:29,2026-04-24 21:47,1,0,Powerpegging: Power Vacuum (24:58),,,,,,,,,,,,,,,,,,,,Prinzsanji,Demon Hunter,Vengeance,279,Tank,106.65m,"67,384.0",13.05%,66.08m,"41,747.5",0,3,2,Powerpegging,Evoker,Augmentation,279,DPS,215.00m,"135,842.6",26.31%,11.73m,"7,409.9",1,4,1,Mcola,Paladin,Retribution,282,DPS,257.50m,"162,693.5",31.51%,9.03m,"5,703.9",0,2,1,Malmwist,Warrior,Arms,282,DPS,209.38m,"132,292.1",25.62%,6.61m,"4,175.8",0,5,1,Vibesham,Shaman,Restoration,279,Healer,28.61m,"18,074.6",3.50%,104.68m,"66,138.2",0,0,0
BudoBoy07,Algeth'ar Academy,18,29:04,2026-04-24 20:35,1,0,Thyidh: Astral Whirlwind (23:27),Blacklungs: Arcane Smash (24:12),Blacklungs: Arcane Missiles (25:57),,,,,,,,,,,,,,,,,,Mîyâ,Monk,Brewmaster,279,Tank,129.63m,"75,878.4",13.23%,105.97m,"62,028.1",0,0,1,Powerpegging,Evoker,Augmentation,279,DPS,236.99m,"138,719.6",24.18%,14.09m,"8,244.8",0,2,2,Thyidh,Demon Hunter,Devourer,281,DPS,276.63m,"161,925.0",28.23%,11.13m,"6,515.9",1,5,0,Biko,Warlock,Demonology,282,DPS,309.11m,"180,932.7",31.54%,10.84m,"6,344.8",0,5,7,Blacklungs,Druid,Restoration,281,Healer,27.72m,"16,223.6",2.83%,125.29m,"73,339.8",2,2,3
BudoBoy07,Algeth'ar Academy,18,17:07,2026-04-24 20:18,0,0,Blacklungs: Vicious Ambush (13:44),Biko: Mana Void (13:45),Thyidh: Vicious Ambush (14:00),Powerpegging: Vicious Ambush (14:01),Mîyâ: Mana Void (14:04),,,,,,,,,,,,,,,,Mîyâ,Monk,Brewmaster,279,Tank,69.52m,"67,680.4",12.42%,56.67m,"55,166.0",1,0,2,Powerpegging,Evoker,Augmentation,279,DPS,124.93m,"121,628.5",22.33%,8.20m,"7,978.3",1,1,2,Thyidh,Demon Hunter,Devourer,281,DPS,166.36m,"161,955.1",29.73%,7.15m,"6,959.5",1,3,1,Biko,Warlock,Demonology,282,DPS,180.52m,"175,739.4",32.26%,5.65m,"5,502.7",1,3,3,Blacklungs,Druid,Restoration,281,Healer,18.21m,"17,725.8",3.25%,62.96m,"61,297.5",1,1,2
BudoBoy07,Algeth'ar Academy,18,29:24,2026-04-24 19:41,0,0,Biko: Mystic Brand (23:38),Blacklungs: Arcane Bolt (23:42),Biko: Astral Whirlwind (25:31),Blacklungs: Arcane Missiles (27:52),Biko: Power Vacuum (29:15),Thyidh: Power Vacuum (29:15),Mîyâ: Overwhelming Power (29:20),Powerpegging: Melee (29:23),,,,,,,,,,,,,Mîyâ,Monk,Brewmaster,279,Tank,127.82m,"72,443.4",13.01%,105.88m,"60,009.3",1,0,1,Powerpegging,Evoker,Augmentation,279,DPS,227.80m,"129,102.0",23.18%,14.28m,"8,094.3",1,2,3,Thyidh,Demon Hunter,Devourer,281,DPS,287.54m,"162,963.1",29.26%,11.91m,"6,750.2",1,6,1,Biko,Warlock,Demonology,282,DPS,310.06m,"175,724.2",31.55%,13.11m,"7,429.9",3,5,10,Blacklungs,Druid,Restoration,281,Healer,29.57m,"16,761.3",3.01%,127.92m,"72,496.2",2,1,3
BudoBoy07,The Seat of the Triumvirate,18,33:08,2026-04-24 19:05,1,2,Savè: Umbral Waves (23:10),Savè: Umbral Waves (26:16),,,,,,,,,,,,,,,,,,,Пандазаврик,Monk,Brewmaster,278,Tank,137.18m,"69,709.4",13.61%,119.81m,"60,882.8",0,7,4,Powerpegging,Evoker,Augmentation,279,DPS,295.79m,"150,311.7",29.35%,19.53m,"9,926.5",0,5,6,Savè,Death Knight,Unholy,280,DPS,243.46m,"123,718.7",24.16%,12.24m,"6,220.9",2,2,3,Xsï,Warlock,Demonology,281,DPS,317.26m,"161,225.0",31.48%,14.22m,"7,226.0",0,6,8,Claym,Druid,Restoration,280,Healer,14.04m,"7,132.9",1.39%,205.65m,"104,504.3",0,4,3
BudoBoy07,Algeth'ar Academy,18,14:01,2026-04-24 18:31,0,0,Powerpegging: Deafening Screech (13:05),Frostmage: Deafening Screech (13:50),Powerpegging: Deafening Screech (13:51),,,,,,,,,,,,,,,,,,Пандазаврик,Monk,Brewmaster,278,Tank,68.50m,"81,428.7",13.24%,55.50m,"65,974.4",0,3,4,Powerpegging,Evoker,Augmentation,279,DPS,130.26m,"154,858.3",25.17%,7.11m,"8,451.5",2,2,2,Frostmage,Mage,Frost,281,DPS,121.81m,"144,805.1",23.54%,3.57m,"4,246.7",1,3,0,Akyria,Warlock,Demonology,282,DPS,184.33m,"219,129.0",35.62%,5.44m,"6,470.6",0,3,3,Cythra,Druid,Restoration,276,Healer,12.55m,"14,924.0",2.43%,56.12m,"66,712.1",0,1,2
BudoBoy07,Algeth'ar Academy,18,3:07,2026-04-24 18:28,0,0,Пандазаврик: Vile Bite (1:45),Powerpegging: Melee (2:06),Пандазаврик: Melee (2:09),Cythra: Seed Detonation (2:09),,,,,,,,,,,,,,,,,Пандазаврик,Monk,Brewmaster,278,Tank,18.22m,"97,305.1",13.32%,14.62m,"78,079.7",2,1,2,Powerpegging,Evoker,Augmentation,279,DPS,26.37m,"140,823.9",19.27%,1.77m,"9,457.0",1,1,0,Frostmage,Mage,Frost,281,DPS,30.26m,"161,618.3",22.12%,331.1k,"1,768.3",0,1,0,Akyria,Warlock,Demonology,282,DPS,60.55m,"323,330.0",44.26%,1.40m,"7,499.4",0,1,2,Cythra,Druid,Restoration,276,Healer,1.41m,"7,539.5",1.03%,5.92m,"31,629.2",1,0,0
BudoBoy07,Algeth'ar Academy,18,1:52,2026-04-24 18:13,0,0,Mugmuk: Vile Bite (1:39),Lzy: Melee (1:40),Асулим: Melee (1:44),Cythra: Seed Detonation (1:45),Powerpegging: Darting Sting (1:52),,,,,,,,,,,,,,,,Mugmuk,Monk,Brewmaster,278,Tank,15.42m,"136,954.3",13.11%,11.82m,"104,929.1",1,1,2,Powerpegging,Evoker,Augmentation,279,DPS,28.48m,"252,894.1",24.21%,1.23m,"10,916.4",1,1,0,Асулим,Warlock,Demonology,281,DPS,45.12m,"400,690.8",38.36%,932.4k,"8,280.0",1,1,0,Lzy,Warrior,Fury,280,DPS,28.20m,"250,409.9",23.97%,454.6k,"4,036.9",1,1,0,Cythra,Druid,Restoration,276,Healer,412.9k,"3,667.1",0.35%,6.84m,"60,764.7",1,0,0
BudoBoy07,Algeth'ar Academy,18,4:29,2026-04-24 18:09,0,0,Mugmuk: Vile Bite (1:33),Lzy: Melee (1:34),Асулим: Melee (1:37),Cythra: Darting Sting (1:43),Mugmuk: Vile Bite (1:50),Powerpegging: Darting Sting (1:54),,,,,,,,,,,,,,,Mugmuk,Monk,Brewmaster,278,Tank,17.69m,"65,734.4",15.21%,10.56m,"39,244.9",2,1,2,Powerpegging,Evoker,Augmentation,279,DPS,30.13m,"111,950.4",25.90%,1.62m,"6,022.3",1,1,0,Асулим,Warlock,Demonology,281,DPS,36.41m,"135,296.6",31.30%,579.0k,"2,151.4",1,1,0,Lzy,Warrior,Fury,280,DPS,29.43m,"109,350.0",25.30%,405.2k,"1,505.5",1,1,0,Cythra,Druid,Restoration,276,Healer,2.67m,"9,914.5",2.30%,4.34m,"16,120.3",1,0,0
BudoBoy07,Algeth'ar Academy,18,1:37,2026-04-24 18:03,0,0,Mugmuk: Melee (1:22),Lzy: Melee (1:23),Асулим: Melee (1:26),Cythra: Melee (1:30),Powerpegging: Melee (1:34),Mugmuk: Darting Sting (1:35),,,,,,,,,,,,,,,Mugmuk,Monk,Brewmaster,278,Tank,18.24m,"187,839.4",16.83%,9.77m,"100,650.7",2,1,0,Powerpegging,Evoker,Augmentation,279,DPS,21.78m,"224,319.4",20.10%,1.10m,"11,330.0",1,1,0,Асулим,Warlock,Demonology,281,DPS,44.53m,"458,730.7",41.09%,415.5k,"4,279.7",1,1,0,Lzy,Warrior,Fury,280,DPS,22.42m,"230,985.2",20.69%,208.7k,"2,150.1",1,1,0,Cythra,Druid,Restoration,276,Healer,1.41m,"14,506.6",1.30%,3.70m,"38,087.2",1,0,0
BudoBoy07,Algeth'ar Academy,18,2:00,2026-04-24 17:57,0,0,Mugmuk: Vile Bite (1:35),Lzy: Melee (1:35),Bellania: Melee (1:40),,,,,,,,,,,,,,,,,,Mugmuk,Monk,Brewmaster,278,Tank,20.12m,"166,817.2",16.44%,11.65m,"96,567.3",1,1,2,Powerpegging,Evoker,Augmentation,279,DPS,25.97m,"215,320.8",21.22%,1.39m,"11,555.4",0,1,0,Bellania,Warlock,Demonology,281,DPS,48.96m,"405,895.2",40.01%,917.4k,"7,606.5",1,1,0,Lzy,Warrior,Fury,280,DPS,26.20m,"217,209.7",21.41%,376.9k,"3,124.8",1,1,0,Cythra,Druid,Restoration,276,Healer,1.13m,"9,332.9",0.92%,5.55m,"45,980.2",0,0,0
BudoBoy07,Nexus-Point Xenas,17,1:23,2026-04-24 14:36,0,0,Dragetid: Arcing Mana (1:14),Kartone: Arcane Zap (1:20),Crimson: Corespark Overload (1:21),Powerpegging: Erratic Zap (1:23),Sycilla: Melee (1:23),,,,,,,,,,,,,,,,Kartone,Monk,Brewmaster,280,Tank,7.29m,"87,128.7",9.65%,4.95m,"59,160.9",1,0,0,Powerpegging,Evoker,Augmentation,279,DPS,19.66m,"234,970.0",26.02%,1.05m,"12,535.3",1,1,0,Crimson,Death Knight,Unholy,278,DPS,25.75m,"307,767.0",34.08%,779.7k,"9,318.7",1,1,1,Dragetid,Evoker,Devastation,279,DPS,20.13m,"240,601.3",26.64%,520.3k,"6,218.6",1,1,0,Sycilla,Priest,Discipline,282,Healer,2.73m,"32,578.2",3.61%,10.32m,"123,393.0",1,1,0
BudoBoy07,Skyreach,17,25:54,2026-04-24 13:43,1,0,Cryhard: Coalesced Wind (5:06),Powerpegging: Defensive Protocol (8:53),Powerpegging:  (16:30),Crimson:  (24:35),Dragetid: Blazing Ground (24:36),,,,,,,,,,,,,,,,Dotimonkey,Monk,Brewmaster,280,Tank,110.54m,"74,271.8",16.00%,85.82m,"57,664.8",0,5,2,Powerpegging,Evoker,Augmentation,279,DPS,195.69m,"131,488.3",28.32%,11.51m,"7,731.0",2,0,1,Crimson,Death Knight,Unholy,278,DPS,182.54m,"122,649.9",26.42%,7.73m,"5,191.6",1,5,3,Dragetid,Evoker,Devastation,279,DPS,173.73m,"116,735.4",25.14%,7.30m,"4,901.7",1,4,1,Cryhard,Shaman,Restoration,279,Healer,28.51m,"19,158.4",4.13%,126.56m,"85,040.5",1,1,1
BudoBoy07,Skyreach,17,18:52,2026-04-24 13:12,0,0,Crimson: Wind Chakram (5:34),Maximonksan:  (17:20),Powerpegging:  (17:26),Powerpegging:  (17:43),Maximonksan: Fiery Talon (18:37),Crimson: Melee (18:39),Powerpegging: Solar Flare (18:42),Dragetid: Shear (18:44),Semidowns: Melee (18:45),Maximonksan: Melee (18:52),,,,,,,,,,,Maximonksan,Monk,Brewmaster,279,Tank,79.22m,"69,972.3",16.13%,46.19m,"40,796.1",3,4,1,Powerpegging,Evoker,Augmentation,279,DPS,130.80m,"115,536.9",26.63%,10.24m,"9,044.2",3,2,2,Crimson,Death Knight,Unholy,278,DPS,148.43m,"131,108.6",30.22%,7.59m,"6,703.1",2,4,0,Dragetid,Evoker,Augmentation,279,DPS,118.02m,"104,248.3",24.03%,10.28m,"9,082.3",1,4,3,Semidowns,Druid,Restoration,280,Healer,14.63m,"12,926.4",2.98%,95.30m,"84,179.9",1,0,0
BudoBoy07,Nexus-Point Xenas,18,28:24,2026-04-24 12:29,1,8,Hadoukenx: Arcing Mana (1:06),Elyý: Arcing Mana (3:36),Depressdh: Melee (10:01),Jackeichan: Melee (16:44),Elyý: Blistering Smite (19:00),Depressdh: Searing Rend (21:28),,,,,,,,,,,,,,,Jackeichan,Monk,Brewmaster,281,Tank,112.41m,"69,268.3",12.52%,90.30m,"55,643.0",1,1,9,Powerpegging,Evoker,Augmentation,279,DPS,245.36m,"151,193.5",27.33%,14.45m,"8,903.3",0,2,5,Depressdh,Demon Hunter,Devourer,280,DPS,238.20m,"146,785.9",26.53%,10.56m,"6,508.6",2,4,8,Elyý,Warlock,Demonology,283,DPS,279.67m,"172,335.2",31.15%,11.61m,"7,151.7",2,4,8,Hadoukenx,Druid,Restoration,279,Healer,22.26m,"13,715.1",2.48%,143.51m,"88,434.9",1,4,2
BudoBoy07,Nexus-Point Xenas,18,2:29,2026-04-24 12:27,0,0,Hadoukenx: Arcing Mana (0:54),Powerpegging: Arcane Spill (0:56),Jackeichan: Null Sunder (0:56),Depressdh: Melee (1:01),Elyý: Melee (1:02),,,,,,,,,,,,,,,,Jackeichan,Monk,Brewmaster,281,Tank,6.10m,"40,733.5",9.48%,3.94m,"26,331.0",1,0,0,Powerpegging,Evoker,Augmentation,279,DPS,16.66m,"111,234.6",25.88%,797.7k,"5,326.2",1,1,0,Depressdh,Demon Hunter,Devourer,280,DPS,19.25m,"128,537.6",29.91%,599.7k,"4,004.3",1,1,0,Elyý,Warlock,Demonology,283,DPS,19.82m,"132,312.5",30.79%,387.3k,"2,585.8",1,1,0,Hadoukenx,Druid,Restoration,279,Healer,2.54m,"16,982.0",3.95%,2.86m,"19,084.6",1,1,0
BudoBoy07,Nexus-Point Xenas,18,4:02,2026-04-24 12:23,0,0,Elyý: Erratic Zap (2:17),Depressdh: Arcane Spill (2:43),Hadoukenx: Corespark Overload (2:47),Jackeichan: Corespark Overload (2:48),Powerpegging: Melee (2:51),,,,,,,,,,,,,,,,Jackeichan,Monk,Brewmaster,281,Tank,15.56m,"64,048.5",10.79%,11.94m,"49,145.1",1,0,2,Powerpegging,Evoker,Augmentation,279,DPS,39.11m,"160,986.3",27.11%,1.60m,"6,597.2",1,1,0,Depressdh,Demon Hunter,Devourer,280,DPS,39.93m,"164,392.0",27.68%,843.6k,"3,472.7",1,1,1,Elyý,Warlock,Demonology,283,DPS,43.42m,"178,756.5",30.10%,1.08m,"4,429.9",1,1,1,Hadoukenx,Druid,Restoration,279,Healer,6.25m,"25,750.1",4.33%,16.62m,"68,427.2",1,1,0
BudoBoy07,Nexus-Point Xenas,18,25:06,2026-04-24 11:58,0,0,Hadoukenx: Dark Beckoning (9:41),Depressdh: Blistering Smite (18:55),Depressdh: Holy Bolt (21:50),Hadoukenx: Holy Bolt (21:51),Powerpegging: Burning Radiance (21:53),Jackeichan: Burning Radiance (21:55),Elyý: Burning Radiance (21:57),Hadoukenx: Burning Radiance (22:48),Depressdh: Holy Bolt (22:51),Elyý: Melee (22:55),Powerpegging: Burning Radiance (23:05),Jackeichan: Burning Radiance (23:07),,,,,,,,,Jackeichan,Monk,Brewmaster,281,Tank,105.92m,"70,302.3",12.72%,83.86m,"55,662.8",2,0,4,Powerpegging,Evoker,Augmentation,279,DPS,229.01m,"151,995.4",27.51%,12.36m,"8,205.6",2,3,6,Depressdh,Demon Hunter,Devourer,280,DPS,223.19m,"148,134.2",26.81%,9.11m,"6,044.1",3,3,4,Elyý,Warlock,Demonology,283,DPS,249.22m,"165,409.0",29.93%,9.95m,"6,604.6",2,4,7,Hadoukenx,Druid,Restoration,279,Healer,25.22m,"16,737.5",3.03%,123.19m,"81,760.4",3,4,2
BudoBoy07,Nexus-Point Xenas,18,2:31,2026-04-24 11:55,0,0,Depressdh: Suppression Field (0:56),Jackeichan: Null Sunder (0:56),Elyý: Melee (0:59),Hadoukenx: Arcane Spill (1:00),Powerpegging: Null Sunder (1:02),,,,,,,,,,,,,,,,Jackeichan,Monk,Brewmaster,281,Tank,7.30m,"48,227.7",10.89%,4.61m,"30,440.6",1,0,0,Powerpegging,Evoker,Augmentation,279,DPS,18.72m,"123,709.1",27.93%,816.3k,"5,393.1",1,1,0,Depressdh,Demon Hunter,Devourer,280,DPS,20.71m,"136,861.1",30.90%,598.0k,"3,950.8",1,1,0,Elyý,Warlock,Demonology,283,DPS,18.47m,"122,022.1",27.55%,654.0k,"4,320.9",1,1,1,Hadoukenx,Druid,Restoration,279,Healer,1.83m,"12,115.5",2.73%,5.58m,"36,844.4",1,1,0
BudoBoy07,Nexus-Point Xenas,18,3:30,2026-04-24 11:52,0,0,Elyý: Umbra Bolt (1:32),Hadoukenx: Erratic Zap (1:40),Jackeichan: Melee (1:47),Depressdh: Arcing Mana (1:47),Powerpegging: Corespark Overload (1:48),,,,,,,,,,,,,,,,Jackeichan,Monk,Brewmaster,281,Tank,13.20m,"62,713.1",12.85%,8.11m,"38,530.9",1,0,1,Powerpegging,Evoker,Augmentation,279,DPS,24.04m,"114,192.2",23.40%,2.04m,"9,705.0",1,0,2,Depressdh,Demon Hunter,Devourer,280,DPS,32.61m,"154,911.3",31.74%,830.3k,"3,944.7",1,1,0,Elyý,Warlock,Demonology,283,DPS,29.63m,"140,792.9",28.84%,1.09m,"5,161.1",1,1,2,Hadoukenx,Druid,Restoration,279,Healer,3.25m,"15,450.6",3.16%,8.73m,"41,481.9",1,1,1
BudoBoy07,Algeth'ar Academy,18,25:23,2026-04-24 11:19,1,5,Leendert: Void Sludge (5:51),Sohot: Dark Expulsion (5:55),Starkito: Dark Expulsion (5:55),Sisora: Dark Expulsion (5:57),Powerpegging: Crashing Void (5:59),Leendert: Melee (6:01),,,,,,,,,,,,,,,Leendert,Monk,Brewmaster,278,Tank,37.01m,"101,894.5",14.03%,26.35m,"72,550.6",2,1,0,Powerpegging,Evoker,Augmentation,279,DPS,74.35m,"204,724.9",28.19%,4.58m,"12,603.6",1,0,1,Starkito,Death Knight,Unholy,279,DPS,75.09m,"206,750.0",28.47%,2.13m,"5,855.7",1,2,0,Sisora,Demon Hunter,Devourer,279,DPS,71.31m,"196,338.2",27.04%,2.74m,"7,542.2",1,2,1,Sohot,Druid,Restoration,281,Healer,5.97m,"16,424.7",2.26%,35.56m,"97,906.0",1,1,0
BudoBoy07,The Seat of the Triumvirate,18,6:03,2026-04-24 11:03,0,0,Leendert: Void Sludge (5:51),Sohot: Dark Expulsion (5:55),Starkito: Dark Expulsion (5:55),Sisora: Dark Expulsion (5:57),Powerpegging: Crashing Void (5:59),Leendert: Melee (6:01),,,,,,,,,,,,,,,Leendert,Monk,Brewmaster,278,Tank,37.01m,"101,894.5",14.03%,26.35m,"72,550.6",2,1,0,Powerpegging,Evoker,Augmentation,279,DPS,74.35m,"204,724.9",28.19%,4.58m,"12,603.6",1,0,1,Starkito,Death Knight,Unholy,279,DPS,75.09m,"206,750.0",28.47%,2.13m,"5,855.7",1,2,0,Sisora,Demon Hunter,Devourer,279,DPS,71.31m,"196,338.2",27.04%,2.74m,"7,542.2",1,2,1,Sohot,Druid,Restoration,281,Healer,5.97m,"16,424.7",2.26%,35.56m,"97,906.0",1,1,0
BudoBoy07,Pit of Saron,19,28:43,2026-04-24 00:53,1,1,Selunite: Arcing Mana (4:10),Selunite: Erratic Zap (5:17),Díverz: Leyline Array (6:02),Pugenjoyer: Leyline Array (6:09),Epokhe: Arcane Spill (6:25),Selunite: Arcane Spill (6:26),Powerpegging: Leyline Array (6:26),,,,,,,,,,,,,,Epokhe,Monk,Brewmaster,281,Tank,38.18m,"98,648.7",14.94%,28.41m,"73,421.1",1,2,1,Powerpegging,Evoker,Augmentation,279,DPS,73.98m,"191,165.3",28.94%,4.30m,"11,101.5",1,2,0,Pugenjoyer,Death Knight,Unholy,281,DPS,74.00m,"191,219.5",28.95%,3.84m,"9,920.0",1,2,1,Selunite,Demon Hunter,Devourer,280,DPS,66.94m,"172,960.9",26.19%,1.56m,"4,027.9",3,3,1,Díverz,Druid,Restoration,281,Healer,2.49m,"6,446.6",0.97%,32.22m,"83,260.7",1,2,0
BudoBoy07,Nexus-Point Xenas,19,6:27,2026-04-24 00:38,0,0,Selunite: Arcing Mana (4:10),Selunite: Erratic Zap (5:17),Díverz: Leyline Array (6:02),Pugenjoyer: Leyline Array (6:09),Epokhe: Arcane Spill (6:25),Selunite: Arcane Spill (6:26),Powerpegging: Leyline Array (6:26),,,,,,,,,,,,,,Epokhe,Monk,Brewmaster,281,Tank,38.18m,"98,648.7",14.94%,28.41m,"73,421.1",1,2,1,Powerpegging,Evoker,Augmentation,279,DPS,73.98m,"191,165.3",28.94%,4.30m,"11,101.5",1,2,0,Pugenjoyer,Death Knight,Unholy,281,DPS,74.00m,"191,219.5",28.95%,3.84m,"9,920.0",1,2,1,Selunite,Demon Hunter,Devourer,280,DPS,66.94m,"172,960.9",26.19%,1.56m,"4,027.9",3,3,1,Díverz,Druid,Restoration,281,Healer,2.49m,"6,446.6",0.97%,32.22m,"83,260.7",1,2,0
BudoBoy07,Skyreach,18,11:30,2026-04-23 23:55,0,0,Ciniá: Wind Chakram (3:30),Powerpegging: Supernova (10:27),Ciniá: Melee (10:29),Shàmaani: Supernova (11:21),Theghouldogx: Supernova (11:21),Miikfu: Fiery Smash (11:29),,,,,,,,,,,,,,,Miikfu,Monk,Brewmaster,281,Tank,70.09m,"101,433.6",16.68%,45.71m,"66,149.2",1,0,0,Powerpegging,Evoker,Augmentation,279,DPS,111.19m,"160,927.0",26.46%,5.79m,"8,374.9",1,0,0,Theghouldogx,Demon Hunter,Devourer,279,DPS,108.43m,"156,934.1",25.81%,6.33m,"9,163.6",1,0,0,Ciniá,Paladin,Retribution,282,DPS,118.64m,"171,707.4",28.24%,5.01m,"7,245.2",2,0,0,Shàmaani,Shaman,Restoration,278,Healer,11.81m,"17,095.0",2.81%,55.35m,"80,104.7",1,0,0
BudoBoy07,The Seat of the Triumvirate,17,30:54,2026-04-23 23:22,1,2,Auranis: Umbral Bolt (2:28),Zelyth: Relentless Pursuit (7:56),Mágemaster: Melee (7:57),,,,,,,,,,,,,,,,,,Zelyth,Monk,Brewmaster,282,Tank,126.65m,"69,671.4",13.49%,105.77m,"58,184.2",1,0,0,Powerpegging,Evoker,Augmentation,279,DPS,262.15m,"144,205.8",27.93%,16.44m,"9,046.2",0,0,0,Mágemaster,Mage,Frost,281,DPS,235.07m,"129,311.8",25.04%,11.02m,"6,063.8",1,0,0,Auranis,Warlock,Demonology,282,DPS,274.97m,"151,259.7",29.30%,20.78m,"11,429.0",1,0,0,Myticcs,Paladin,Holy,274,Healer,39.77m,"21,877.5",4.24%,144.03m,"79,231.2",0,0,0
BudoBoy07,Pit of Saron,18,27:35,2026-04-23 22:50,1,4,Ninjashuie: Leaping Maul (5:14),Ordinar: Leaping Maul (5:21),Ghratar: Leaping Maul (5:28),Ninjashuie: Shadowbind (14:59),,,,,,,,,,,,,,,,,Durolemn,Monk,Brewmaster,281,Tank,150.14m,"93,650.4",15.03%,108.46m,"67,655.8",0,0,0,Powerpegging,Evoker,Augmentation,279,DPS,258.26m,"161,094.0",25.86%,16.90m,"10,541.3",0,0,0,Ghratar,Demon Hunter,Devourer,279,DPS,293.28m,"182,938.6",29.36%,14.42m,"8,993.4",1,0,0,Ninjashuie,Shaman,Elemental,282,DPS,286.32m,"178,599.7",28.67%,13.36m,"8,333.8",2,0,0,Ordinar,Druid,Restoration,280,Healer,10.75m,"6,708.0",1.08%,138.11m,"86,145.9",1,0,0
BudoBoy07,Pit of Saron,18,11:50,2026-04-23 22:38,0,0,Ordinar: Siphoning Chill (9:39),Ninjashuie: Siphoning Chill (10:12),Powerpegging: Cryostomp (10:19),Ordinar: Cryostomp (10:19),Durolemn: Siphoning Chill (10:20),Ghratar: Siphoning Chill (10:23),,,,,,,,,,,,,,,Durolemn,Monk,Brewmaster,281,Tank,74.52m,"104,924.2",14.94%,60.57m,"85,277.9",1,0,0,Powerpegging,Evoker,Augmentation,279,DPS,128.70m,"181,195.5",25.79%,7.68m,"10,808.9",1,0,0,Ghratar,Demon Hunter,Devourer,279,DPS,149.30m,"210,208.4",29.92%,6.58m,"9,265.7",1,0,0,Ninjashuie,Shaman,Elemental,282,DPS,141.79m,"199,628.4",28.42%,5.36m,"7,546.9",1,0,0,Ordinar,Druid,Restoration,280,Healer,4.65m,"6,550.8",0.93%,57.93m,"81,557.3",2,0,0
BudoBoy07,Algeth'ar Academy,17,27:20,2026-04-23 22:05,1,0,Sylaren:  (5:23),Powerpegging:  (5:25),,,,,,,,,,,,,,,,,,,Rahugrabugba,Monk,Brewmaster,280,Tank,134.94m,"83,355.2",15.09%,94.77m,"58,539.3",0,0,0,Powerpegging,Evoker,Augmentation,279,DPS,219.29m,"135,459.5",24.52%,11.47m,"7,087.9",1,0,0,Cringeape,Demon Hunter,Devourer,280,DPS,237.07m,"146,445.0",26.51%,10.39m,"6,415.4",0,0,0,Sylaren,Warlock,Demonology,281,DPS,283.66m,"175,224.4",31.72%,9.97m,"6,156.3",1,0,0,Nathuility,Druid,Restoration,281,Healer,19.43m,"12,000.9",2.17%,109.43m,"67,599.6",0,0,0
BudoBoy07,Magisters' Terrace,18,31:54,2026-04-23 03:22,1,3,Bürküt: Arcane Bolt (10:09),,,,,,,,,,,,,,,,,,,,Huiputalo,Monk,Brewmaster,282,Tank,154.89m,"81,167.9",13.84%,82.69m,"43,330.4",0,0,0,Powerpegging,Evoker,Augmentation,279,DPS,284.61m,"149,147.6",25.43%,16.39m,"8,587.0",0,0,0,Dazst,Demon Hunter,Devourer,280,DPS,314.35m,"164,733.6",28.09%,18.87m,"9,888.3",0,0,0,Bürküt,Warlock,Demonology,280,DPS,353.45m,"185,220.5",31.59%,13.08m,"6,854.6",1,0,0,Japierdolle,Druid,Restoration,276,Healer,11.71m,"6,138.4",1.05%,157.16m,"82,355.8",0,0,0
BudoBoy07,Magisters' Terrace,18,7:25,2026-04-23 02:49,0,0,Nathuility: Melee (2:22),Nathuility: Crowd Dispersal (3:49),Nathuility: Arcane Residue (4:05),Nathuility: Pyroblast (5:19),Powerpegging: Holy Fire (5:29),Powerpegging: Energy Release (6:37),Nathuility: Energy Release (6:37),Monom: Ignition (6:38),Groovygeorge: Holy Fire (7:00),Rahugrabugba: Holy Fire (7:24),,,,,,,,,,,Rahugrabugba,Monk,Brewmaster,281,Tank,49.70m,"111,635.6",19.26%,30.73m,"69,020.0",1,0,0,Powerpegging,Evoker,Augmentation,279,DPS,65.63m,"147,421.9",25.44%,4.13m,"9,282.0",2,0,0,Monom,Death Knight,Unholy,279,DPS,63.71m,"143,116.8",24.69%,3.75m,"8,413.6",1,0,0,Groovygeorge,Demon Hunter,Devourer,277,DPS,73.29m,"164,645.3",28.41%,5.67m,"12,730.4",1,0,0,Nathuility,Druid,Restoration,281,Healer,5.67m,"12,735.6",2.20%,24.96m,"56,064.0",5,0,0
BudoBoy07,Maisara Caverns,18,31:35,2026-04-23 02:07,1,12,Пигми: Melee (2:32),Пигми: Deafening Roar (3:59),Mamys: Carrion Swoop (10:06),Mamys: Carrion Swoop (10:15),Powerpegging: Infected Pinions (10:34),Powerpegging: Withering Soul (27:42),,,,,,,,,,,,,,,Shaolinmunk,Monk,Brewmaster,280,Tank,125.09m,"68,928.9",11.72%,109.60m,"60,393.2",0,0,0,Powerpegging,Evoker,Augmentation,279,DPS,278.38m,"153,399.9",26.09%,18.05m,"9,945.1",2,0,0,Пигми,Demon Hunter,Devourer,281,DPS,250.45m,"138,007.0",23.47%,12.93m,"7,125.7",2,0,0,Moriaa,Warlock,Demonology,276,DPS,340.39m,"187,570.7",31.90%,13.38m,"7,373.8",0,0,0,Mamys,Monk,Mistweaver,279,Healer,72.59m,"39,999.8",6.80%,184.53m,"101,683.3",2,0,0
BudoBoy07,Maisara Caverns,18,9:00,2026-04-23 01:58,0,0,Shaolinmunk: Rending Gore (3:45),Moriaa: Melee (3:54),Mamys: Melee (4:01),Moriaa: Melee (5:28),,,,,,,,,,,,,,,,,Shaolinmunk,Monk,Brewmaster,280,Tank,33.23m,"61,494.6",11.95%,28.31m,"52,395.4",1,0,0,Powerpegging,Evoker,Augmentation,279,DPS,76.94m,"142,383.2",27.67%,3.30m,"6,105.1",0,0,0,Пигми,Demon Hunter,Devourer,281,DPS,80.94m,"149,784.3",29.10%,2.27m,"4,209.1",0,0,0,Moriaa,Warlock,Demonology,276,DPS,68.69m,"127,118.9",24.70%,2.04m,"3,775.5",2,0,0,Mamys,Monk,Mistweaver,279,Healer,18.31m,"33,884.5",6.58%,41.41m,"76,630.2",1,0,0
BudoBoy07,Maisara Caverns,18,17:02,2026-04-23 01:41,0,0,Reö: Vile Potatoad (4:40),Powerpegging: Vile Potatoad (5:22),Narcoleptus: Coordinated Assault (8:24),Spinsible: Icy Slick (8:46),Reö: Fetid Quillstorm (8:56),Powerpegging: Barrage (8:59),Terstroick: Infected Pinions (9:04),,,,,,,,,,,,,,Terstroick,Demon Hunter,Vengeance,280,Tank,62.63m,"61,226.1",17.52%,37.47m,"36,628.7",1,0,0,Powerpegging,Evoker,Augmentation,279,DPS,91.90m,"89,834.2",25.71%,7.00m,"6,843.8",2,0,0,Reö,Death Knight,Unholy,282,DPS,89.95m,"87,923.6",25.16%,4.88m,"4,771.3",2,0,0,Narcoleptus,Warlock,Demonology,283,DPS,93.04m,"90,950.8",26.02%,3.69m,"3,602.4",1,0,0,Spinsible,Druid,Restoration,281,Healer,19.99m,"19,538.3",5.59%,41.74m,"40,802.9",1,0,0
BudoBoy07,Algeth'ar Academy,18,2:03,2026-04-23 01:37,0,0,Suplesa: Melee (1:02),Takezuabg: Vile Bite (1:41),Shyvo: Melee (1:46),Suplesa: Vile Bite (1:49),Powerpegging: Melee (1:53),,,,,,,,,,,,,,,,Takezuabg,Monk,Brewmaster,281,Tank,21.21m,"172,192.1",16.89%,10.98m,"89,145.1",1,0,0,Powerpegging,Evoker,Augmentation,279,DPS,23.95m,"194,488.6",19.07%,1.46m,"11,888.8",1,0,0,Suplesa,Death Knight,Unholy,281,DPS,13.08m,"106,206.5",10.42%,359.4k,"2,918.2",2,0,0,Mcpusztunelf,Warlock,Demonology,280,DPS,64.16m,"520,895.6",51.10%,1.12m,"9,101.0",0,0,0,Shyvo,Druid,Restoration,280,Healer,3.17m,"25,697.5",2.52%,8.54m,"69,303.9",1,0,0
BudoBoy07,Magisters' Terrace,18,5:06,2026-04-23 01:25,0,0,Senso: Holy Fire (1:32),Nâylá: Arcane Volley (2:55),Senso: Crowd Dispersal (4:47),,,,,,,,,,,,,,,,,,Enigmamonk,Monk,Brewmaster,282,Tank,27.60m,"89,928.5",15.78%,20.21m,"65,858.2",0,0,0,Powerpegging,Evoker,Augmentation,279,DPS,54.87m,"178,817.9",31.38%,3.30m,"10,754.1",0,0,0,Sahneblyat,Death Knight,Unholy,279,DPS,45.03m,"146,750.2",25.75%,1.65m,"5,372.4",0,0,0,Nâylá,Hunter,Beast Mastery,281,DPS,46.05m,"150,077.6",26.33%,907.6k,"2,957.6",1,0,0,Senso,Druid,Restoration,281,Healer,1.33m,"4,346.1",0.76%,21.56m,"70,266.7",2,0,0
BudoBoy07,Skyreach,18,27:48,2026-04-23 00:40,1,4,Miikfu: Shear (17:21),Canbolino: Melee (17:23),Theghouldogx: Blade Rush (17:34),Canbolino: Solar Flare (17:58),Miikfu: Solar Flare (18:09),Diether: Melee (18:11),Theghouldogx: Solar Flare (18:17),Canbolino: Solar Flare (18:17),Powerpegging: Blade Rush (18:50),,,,,,,,,,,,Miikfu,Monk,Brewmaster,281,Tank,139.88m,"90,705.4",18.48%,79.39m,"51,477.9",2,0,0,Powerpegging,Evoker,Augmentation,279,DPS,177.89m,"115,354.2",23.51%,12.93m,"8,384.6",1,0,0,Theghouldogx,Demon Hunter,Devourer,279,DPS,185.79m,"120,472.6",24.55%,10.56m,"6,847.3",2,0,0,Canbolino,Shaman,Elemental,281,DPS,196.98m,"127,733.4",26.03%,8.79m,"5,698.5",3,0,0,Diether,Monk,Mistweaver,280,Healer,56.26m,"36,484.3",7.43%,158.01m,"102,461.6",1,0,0
BudoBoy07,Skyreach,18,16:01,2026-04-23 00:18,0,0,Хэвимашина: Chakram Vortex (5:24),Хэвимашина: Melee (9:52),Хэвимашина: Searing Quills (15:35),Theghouldogx: Screech (15:44),Shàmaani: Screech (15:44),Powerpegging: Melee (15:58),Miikfu: Melee (16:01),,,,,,,,,,,,,,Miikfu,Monk,Brewmaster,281,Tank,92.22m,"95,902.7",19.23%,54.35m,"56,515.5",1,0,0,Powerpegging,Evoker,Augmentation,279,DPS,114.62m,"119,193.8",23.90%,8.62m,"8,959.0",1,0,0,Хэвимашина,Death Knight,Unholy,279,DPS,109.79m,"114,174.6",22.90%,5.71m,"5,941.4",3,0,0,Theghouldogx,Demon Hunter,Devourer,279,DPS,145.70m,"151,512.8",30.39%,9.92m,"10,319.2",1,0,0,Napolii,Druid,Restoration,281,Healer,,,,,,0,0,0
BudoBoy07,Skyreach,18,3:08,2026-04-23 00:15,0,0,Хэвимашина: Blade Rush (0:29),Хэвимашина: Blade Rush (0:56),Miikfu: Wind Blast (1:00),Theghouldogx: Melee (1:01),Powerpegging: Melee (1:03),Shàmaani: Melee (1:03),,,,,,,,,,,,,,,Miikfu,Monk,Brewmaster,281,Tank,14.52m,"77,008.2",21.44%,9.29m,"49,264.7",1,0,0,Powerpegging,Evoker,Augmentation,279,DPS,17.44m,"92,499.6",25.76%,1.32m,"7,009.1",1,0,0,Хэвимашина,Death Knight,Unholy,279,DPS,3.99m,"21,189.3",5.89%,637.8k,"3,383.7",2,0,0,Theghouldogx,Demon Hunter,Devourer,279,DPS,29.99m,"159,106.5",44.29%,1.16m,"6,173.8",1,0,0,Shàmaani,Shaman,Restoration,278,Healer,1.77m,"9,392.9",2.61%,7.87m,"41,753.3",1,0,0
BudoBoy07,Skyreach,18,3:28,2026-04-23 00:11,0,0,Miikfu: Shear (2:04),Хэвимашина: Melee (2:09),Theghouldogx: Melee (2:11),Powerpegging: Melee (2:14),Shàmaani: Melee (2:16),,,,,,,,,,,,,,,,Miikfu,Monk,Brewmaster,281,Tank,21.13m,"101,559.6",17.33%,14.93m,"71,791.5",1,0,0,Powerpegging,Evoker,Augmentation,279,DPS,33.84m,"162,665.7",27.76%,1.97m,"9,454.3",1,0,0,Хэвимашина,Death Knight,Unholy,279,DPS,35.86m,"172,401.9",29.42%,1.23m,"5,907.9",1,0,0,Theghouldogx,Demon Hunter,Devourer,279,DPS,28.17m,"135,439.5",23.11%,2.22m,"10,687.3",1,0,0,Shàmaani,Shaman,Restoration,278,Healer,2.91m,"13,981.0",2.39%,13.71m,"65,911.4",1,0,0
BudoBoy07,Algeth'ar Academy,17,30:28,2026-04-22 18:07,1,0,Stonehill: Arcane Smash (25:14),Crimson: Astral Whirlwind (25:18),Mostvascular: Power Vacuum (30:01),,,,,,,,,,,,,,,,,,Iminar,Monk,Brewmaster,278,Tank,138.93m,"76,863.3",15.35%,91.32m,"50,520.7",0,0,0,Powerpegging,Evoker,Augmentation,275,DPS,226.10m,"125,088.9",24.98%,12.13m,"6,710.2",0,0,0,Crimson,Death Knight,Unholy,277,DPS,265.08m,"146,654.1",29.29%,7.90m,"4,368.1",1,0,0,Mostvascular,Rogue,Subtlety,280,DPS,253.02m,"139,980.3",27.96%,7.38m,"4,081.8",1,0,0,Stonehill,Paladin,Holy,277,Healer,21.82m,"12,073.5",2.41%,100.00m,"55,321.9",1,0,0
BudoBoy07,Maisara Caverns,16,31:35,2026-04-21 22:42,1,0,Ayir: Infected Pinions (8:04),Ayir: Grim Ward (22:44),Dragetid: Ancestral Crush (22:59),Dragetid: Grim Ward (24:27),Powerpegging: Deathgorged Vessel (27:22),,,,,,,,,,,,,,,,Bierbazi,Monk,Brewmaster,279,Tank,137.68m,"75,321.9",15.85%,104.49m,"57,161.8",0,0,0,Powerpegging,Evoker,Augmentation,275,DPS,231.47m,"126,629.3",26.65%,16.43m,"8,986.5",1,0,0,Plockzy,Death Knight,Unholy,281,DPS,242.85m,"132,854.4",27.96%,12.75m,"6,977.3",0,0,0,Dragetid,Evoker,Augmentation,277,DPS,225.90m,"123,581.1",26.01%,13.70m,"7,494.5",2,0,0,Ayir,Paladin,Holy,278,Healer,30.68m,"16,786.8",3.53%,130.65m,"71,473.3",2,0,0
BudoBoy07,Maisara Caverns,17,15:02,2026-04-21 22:16,0,0,Sephyroz: Carrion Swoop (14:14),Midhroch: Infected Pinions (14:27),Dragetid: Infected Pinions (14:29),Powerpegging: Infected Pinions (14:33),Illiaron: Infected Pinions (14:43),Sephyroz: Infected Pinions (14:44),,,,,,,,,,,,,,,Illiaron,Druid,Guardian,280,Tank,74.07m,"82,103.3",15.01%,80.51m,"89,241.6",1,0,0,Powerpegging,Evoker,Augmentation,275,DPS,133.37m,"147,832.7",27.03%,8.88m,"9,840.8",1,0,0,Dragetid,Evoker,Augmentation,277,DPS,134.65m,"149,244.0",27.29%,7.39m,"8,189.3",1,0,0,Midhroch,Warlock,Demonology,278,DPS,144.11m,"159,738.1",29.21%,6.27m,"6,945.6",1,0,0,Sephyroz,Druid,Restoration,277,Healer,6.80m,"7,538.2",1.38%,74.98m,"83,105.9",2,0,0
BudoBoy07,Algeth'ar Academy,16,27:36,2026-04-21 21:24,1,0,Milksqueezer: Arcane Fissure (19:51),,,,,,,,,,,,,,,,,,,,Rollóh,Warrior,Protection,277,Tank,124.93m,"75,702.7",15.42%,65.65m,"39,781.8",0,0,0,Powerpegging,Evoker,Augmentation,275,DPS,190.63m,"115,511.1",23.53%,9.38m,"5,685.5",0,0,0,Psychop,Shaman,Elemental,280,DPS,211.16m,"127,947.6",26.06%,5.65m,"3,424.4",0,0,0,Dokeshin,Warrior,Arms,277,DPS,230.21m,"139,494.0",28.42%,7.79m,"4,718.3",0,0,0,Milksqueezer,Monk,Mistweaver,280,Healer,53.22m,"32,249.5",6.57%,110.18m,"66,760.5",1,0,0
BudoBoy07,Algeth'ar Academy,17,25:44,2026-04-21 20:45,1,3,Japierdolle: Vicious Ambush (15:07),Dvärgdachri: Mana Bomb (21:49),Powerpegging: Arcane Expulsion (22:03),Japierdolle: Arcane Bolt (25:34),,,,,,,,,,,,,,,,,Jebica,Monk,Brewmaster,277,Tank,131.49m,"85,155.7",15.69%,82.66m,"53,535.2",0,0,0,Powerpegging,Evoker,Augmentation,275,DPS,208.06m,"134,745.9",24.83%,12.62m,"8,172.3",1,0,0,Dvärgdachri,Death Knight,Unholy,277,DPS,257.10m,"166,507.2",30.68%,5.30m,"3,435.5",1,0,0,Fushinlol,Paladin,Retribution,277,DPS,231.22m,"149,748.7",27.59%,8.77m,"5,680.7",0,0,0,Japierdolle,Druid,Restoration,276,Healer,10.20m,"6,603.6",1.22%,104.31m,"67,553.1",2,0,0
BudoBoy07,Algeth'ar Academy,17,15:56,2026-04-21 20:15,0,0,Stonehill: Roving Cyclone (12:04),Murlocloverx: Deafening Screech (12:25),Murlocloverx: Blistering Fire (12:50),Stonehill: Deafening Screech (12:51),Powerpegging: Blistering Fire (12:58),Elethrion: Roving Cyclone (13:02),Stonehill: Riftbreath (15:48),Murlocloverx: Vicious Lunge (15:51),Elethrion: Surge (15:54),Powerpegging: Vicious Lunge (15:55),Forvirretgut: Spellbound Weapon (15:56),,,,,,,,,,Forvirretgut,Monk,Brewmaster,278,Tank,76.74m,"80,229.3",13.45%,61.45m,"64,240.8",1,0,0,Powerpegging,Evoker,Augmentation,275,DPS,131.95m,"137,945.6",23.12%,7.99m,"8,351.3",2,0,0,Elethrion,Death Knight,Unholy,280,DPS,175.76m,"183,745.6",30.80%,5.27m,"5,511.8",2,0,0,Murlocloverx,Demon Hunter,Devourer,279,DPS,159.45m,"166,692.2",27.94%,9.71m,"10,155.5",3,0,0,Stonehill,Paladin,Holy,276,Healer,26.71m,"27,925.1",4.68%,51.22m,"53,545.0",3,0,0
BudoBoy07,Pit of Saron,18,13:48,2026-04-21 19:49,0,0,Stonehill: Dread Pulse (3:16),Hawkblade: Siphoning Chill (10:42),Forvirretgut: Siphoning Chill (13:14),Expûlso: Siphoning Chill (13:40),Stonehill: Melee (13:42),Hawkblade: Melee (13:45),Powerpegging: Melee (13:48),,,,,,,,,,,,,,Forvirretgut,Monk,Brewmaster,278,Tank,78.00m,"94,151.0",14.53%,76.80m,"92,699.0",1,0,0,Powerpegging,Evoker,Augmentation,275,DPS,135.84m,"163,961.9",25.31%,8.03m,"9,688.9",1,0,0,Hawkblade,Death Knight,Unholy,280,DPS,148.90m,"179,729.3",27.74%,6.10m,"7,363.6",2,0,0,Expûlso,Demon Hunter,Devourer,278,DPS,154.27m,"186,216.8",28.74%,9.81m,"11,836.5",1,0,0,Stonehill,Paladin,Holy,276,Healer,19.72m,"23,797.6",3.67%,66.31m,"80,042.0",2,0,0
BudoBoy07,Nexus-Point Xenas,17,29:13,2026-04-21 18:59,1,0,Forvirretgut: Arcane Zap (0:54),Forvirretgut: Melee (20:45),,,,,,,,,,,,,,,,,,,Forvirretgut,Monk,Brewmaster,278,Tank,119.95m,"69,242.5",14.61%,95.94m,"55,379.7",2,0,0,Powerpegging,Evoker,Augmentation,275,DPS,205.40m,"118,563.6",25.02%,11.52m,"6,649.2",0,0,0,Fluxyy,Demon Hunter,Devourer,279,DPS,256.61m,"148,123.5",31.26%,11.22m,"6,475.7",0,0,0,Dragetid,Evoker,Augmentation,277,DPS,225.06m,"129,912.3",27.41%,13.19m,"7,614.1",0,0,0,Stonehill,Paladin,Holy,276,Healer,13.96m,"8,061.0",1.70%,116.11m,"67,023.9",0,0,0
BudoBoy07,Nexus-Point Xenas,17,27:54,2026-04-21 14:40,1,4,Jymn: Erratic Zap (3:35),Jymn: Leyline Array (9:00),Jymn: Dark Beckoning (16:13),,,,,,,,,,,,,,,,,,Charliechi,Monk,Brewmaster,277,Tank,105.32m,"64,302.8",12.55%,93.73m,"57,228.6",0,0,0,Powerpegging,Evoker,Augmentation,275,DPS,223.75m,"136,609.2",26.66%,12.38m,"7,559.7",0,0,0,Khàlëêsî,Paladin,Retribution,280,DPS,215.02m,"131,278.1",25.62%,7.94m,"4,845.7",0,0,0,Sïcarïus,Warlock,Demonology,279,DPS,255.65m,"156,087.3",30.46%,12.14m,"7,409.8",0,0,0,Jymn,Priest,Holy,279,Healer,39.59m,"24,168.5",4.72%,112.22m,"68,517.4",3,0,0
BudoBoy07,Algeth'ar Academy,17,2:18,2026-04-21 14:08,0,0,Shiftdh: Seed Detonation (1:25),Warouu: Vile Bite (1:47),Jonnyfloor: Melee (2:03),Warouu: Vile Bite (2:13),Powerpegging: Melee (2:14),Gigaczu: Melee (2:17),Shiftdh: Darting Sting (2:18),,,,,,,,,,,,,,Warouu,Monk,Brewmaster,276,Tank,15.50m,"111,588.5",12.75%,11.66m,"83,933.1",2,0,0,Powerpegging,Evoker,Augmentation,275,DPS,33.84m,"243,634.4",27.84%,1.67m,"12,036.9",1,0,0,Jonnyfloor,Death Knight,Unholy,277,DPS,51.08m,"367,730.7",42.02%,623.4k,"4,487.7",1,0,0,Shiftdh,Demon Hunter,Devourer,278,DPS,18.36m,"132,183.5",15.10%,244.1k,"1,756.9",2,0,0,Gigaczu,Druid,Restoration,277,Healer,2.79m,"20,086.2",2.29%,6.85m,"49,292.3",1,0,0
BudoBoy07,Windrunner Spire,16,30:19,2026-04-20 23:26,1,0,Bobcorndk: Flaming Twisters (8:07),Пивочай: Pulsing Shriek (12:31),Powerpegging: Splattered (15:16),Dragetid: Arrow Rain (17:57),Powerpegging: Billowing Wind (27:52),,,,,,,,,,,,,,,,Аздру,Druid,Guardian,277,Tank,107.90m,"61,578.9",13.11%,82.84m,"47,276.6",0,0,0,Powerpegging,Evoker,Augmentation,275,DPS,196.58m,"112,185.6",23.89%,10.81m,"6,170.9",2,0,0,Bobcorndk,Death Knight,Unholy,281,DPS,245.74m,"140,241.4",29.86%,9.87m,"5,631.0",1,0,0,Dragetid,Evoker,Augmentation,277,DPS,209.84m,"119,753.8",25.50%,10.69m,"6,102.4",1,0,0,Пивочай,Monk,Mistweaver,279,Healer,62.85m,"35,865.5",7.64%,161.22m,"92,007.8",1,0,0
BudoBoy07,Windrunner Spire,16,8:59,2026-04-20 23:13,0,0,Soulwatcher: Flaming Twisters (6:26),Soulwatcher: Flaming Twisters (7:21),Dragetid: Flaming Twisters (8:09),Пивочай: Flaming Twisters (8:20),Powerpegging: Flaming Updraft (8:33),Аздру: Searing Beak (8:34),,,,,,,,,,,,,,,Аздру,Druid,Guardian,277,Tank,42.91m,"79,491.8",14.93%,26.68m,"49,430.5",1,0,0,Powerpegging,Evoker,Augmentation,275,DPS,67.65m,"125,309.4",23.55%,3.91m,"7,244.7",1,0,0,Dragetid,Evoker,Augmentation,277,DPS,68.47m,"126,832.8",23.83%,3.62m,"6,713.8",1,0,0,Soulwatcher,Hunter,Beast Mastery,280,DPS,87.71m,"162,471.6",30.53%,1.15m,"2,125.5",2,0,0,Пивочай,Monk,Mistweaver,279,Healer,20.58m,"38,119.5",7.16%,47.39m,"87,795.8",1,0,0
BudoBoy07,Maisara Caverns,16,2:14,2026-04-20 23:02,0,0,Matfiy: Magma Surge (1:55),Kalnoreï: Searing Presence (2:01),Dragetid: Searing Presence (2:09),Soulwatcher: Melee (2:09),Powerpegging: Melee (2:14),,,,,,,,,,,,,,,,Kalnoreï,Monk,Brewmaster,273,Tank,12.91m,"95,743.8",11.44%,10.68m,"79,166.8",1,0,0,Powerpegging,Evoker,Devastation,275,DPS,32.02m,"237,473.2",28.38%,1.66m,"12,310.2",1,0,0,Dragetid,Evoker,Augmentation,277,DPS,30.72m,"227,821.8",27.22%,1.30m,"9,641.3",1,0,0,Soulwatcher,Hunter,Beast Mastery,280,DPS,35.53m,"263,466.9",31.49%,230.6k,"1,709.9",1,0,0,Matfiy,Priest,Discipline,280,Healer,1.66m,"12,276.2",1.47%,10.39m,"77,022.3",1,0,0
BudoBoy07,Maisara Caverns,17,23:28,2026-04-20 22:31,0,0,Powerpegging: Magma Surge (1:33),Dragetid: Barrage (14:45),Soulwatcher: Infected Pinions (14:53),Powerpegging: Grim Ward (18:57),Dragetid: Melee (21:23),Komodhno: Melee (22:52),Dragetid: Melee (22:56),Starrff: Frost Nova (23:09),,,,,,,,,,,,,Komodhno,Demon Hunter,Vengeance,280,Tank,138.49m,"98,353.0",17.70%,91.60m,"65,053.4",1,0,0,Powerpegging,Evoker,Augmentation,275,DPS,200.93m,"142,693.4",25.68%,9.64m,"6,844.9",2,0,0,Dragetid,Evoker,Devastation,277,DPS,212.58m,"150,971.1",27.17%,11.72m,"8,324.0",3,0,0,Soulwatcher,Hunter,Beast Mastery,280,DPS,214.53m,"152,353.6",27.42%,3.41m,"2,423.8",1,0,0,Starrff,Shaman,Restoration,277,Healer,15.99m,"11,352.1",2.04%,99.22m,"70,464.9",1,0,0
BudoBoy07,Windrunner Spire,17,29:28,2026-04-20 18:37,1,2,Menschenfres: Flaming Twisters (7:00),Menschenfres: Flaming Twisters (7:49),,,,,,,,,,,,,,,,,,,Vladmonke,Monk,Brewmaster,279,Tank,149.83m,"85,759.6",16.60%,99.05m,"56,692.6",0,0,0,Powerpegging,Evoker,Augmentation,275,DPS,240.68m,"137,761.4",26.66%,9.38m,"5,371.4",0,0,0,Menschenfres,Demon Hunter,Devourer,279,DPS,264.52m,"151,410.5",29.30%,16.99m,"9,726.1",2,0,0,Thelïa,Mage,Frost,278,DPS,234.26m,"134,086.8",25.95%,12.97m,"7,423.4",0,0,0,Тенгуу,Druid,Restoration,278,Healer,13.51m,"7,730.4",1.50%,136.31m,"78,022.7",0,0,0
BudoBoy07,Windrunner Spire,17,1:15,2026-04-20 18:24,0,0,Dehypala: Arcane Salvo (0:56),Crâimapik: Arcane Salvo (0:56),Ooôdemon: Arcane Salvo (0:59),Trixiean: Arcane Salvo (1:09),Powerpegging: Melee (1:10),Dehypala: Spirit Bolt (1:10),Crâimapik: Spirit Bolt (1:15),,,,,,,,,,,,,,Trixiean,Monk,Brewmaster,278,Tank,8.88m,"118,039.0",15.42%,6.98m,"92,712.9",1,0,0,Powerpegging,Evoker,Augmentation,275,DPS,16.74m,"222,424.6",29.07%,1.51m,"20,126.1",1,0,0,Ooôdemon,Demon Hunter,Devourer,275,DPS,10.96m,"145,594.9",19.03%,1.26m,"16,728.0",1,0,0,Dehypala,Paladin,Retribution,276,DPS,20.76m,"275,857.9",36.05%,1.07m,"14,224.8",2,0,0,Crâimapik,Druid,Restoration,278,Healer,247.3k,"3,285.7",0.43%,5.96m,"79,162.3",2,0,0
BudoBoy07,The Seat of the Triumvirate,17,1:48,2026-04-20 18:06,0,0,Ërhaz: Relentless Pursuit (1:10),Hattori: Melee (1:12),Ravss: Melee (1:14),Powerpegging: Pulsing Void (1:41),Hattori: Pulsing Void (1:41),Ërhaz: Melee (1:43),Paypalla: Melee (1:45),Ravss: Melee (1:47),,,,,,,,,,,,,Ërhaz,Monk,Brewmaster,277,Tank,11.64m,"107,712.3",11.78%,11.35m,"105,066.4",2,0,0,Powerpegging,Evoker,Augmentation,275,DPS,29.17m,"269,888.2",29.53%,1.52m,"14,084.7",1,0,0,Ravss,Death Knight,Unholy,277,DPS,26.94m,"249,246.9",27.27%,1.11m,"10,276.9",2,0,0,Hattori,Monk,Windwalker,280,DPS,29.57m,"273,601.8",29.93%,651.1k,"6,024.7",2,0,0,Paypalla,Druid,Restoration,278,Healer,1.47m,"13,640.1",1.49%,16.39m,"151,664.3",1,0,0
BudoBoy07,Algeth'ar Academy,16,28:40,2026-04-20 17:29,1,14,,,,,,,,,,,,,,,,,,,,,Ërhaz,Monk,Brewmaster,277,Tank,108.28m,"62,640.1",13.40%,69.86m,"40,413.6",0,0,0,Powerpegging,Evoker,Augmentation,275,DPS,215.56m,"124,701.5",26.68%,6.16m,"3,563.3",0,0,0,Ravss,Death Knight,Unholy,277,DPS,239.58m,"138,598.2",29.65%,7.17m,"4,147.4",0,0,0,Hattori,Monk,Windwalker,280,DPS,233.18m,"134,894.8",28.86%,3.45m,"1,994.3",0,0,0,Knobweed,Druid,Restoration,278,Healer,11.37m,"6,579.9",1.41%,127.91m,"73,994.2",0,0,0
BudoBoy07,Algeth'ar Academy,16,2:42,2026-04-20 17:19,0,0,Aladinpal: Seed Detonation (1:21),Aladinpal: Seed Detonation (2:41),,,,,,,,,,,,,,,,,,,Ërhaz,Monk,Brewmaster,277,Tank,19.90m,"122,464.9",15.09%,14.53m,"89,435.2",0,0,0,Powerpegging,Evoker,Augmentation,275,DPS,34.94m,"215,048.3",26.49%,415.3k,"2,555.7",0,0,0,Aladinpal,Paladin,Retribution,278,DPS,40.11m,"246,844.0",30.41%,472.2k,"2,905.9",2,0,0,Stiléttø,Rogue,Subtlety,277,DPS,36.65m,"225,558.0",27.79%,652.5k,"4,015.4",0,0,0,Knobweed,Druid,Restoration,278,Healer,302.7k,"1,863.1",0.23%,12.42m,"76,423.3",0,0,0
BudoBoy07,Algeth'ar Academy,16,3:35,2026-04-20 17:15,0,0,Ërhaz: Vile Bite (1:56),Aladinpal: Melee (1:57),Powerpegging: Darting Sting (2:12),Knobweed: Melee (2:13),,,,,,,,,,,,,,,,,Ërhaz,Monk,Brewmaster,277,Tank,16.73m,"77,477.6",13.45%,10.92m,"50,596.8",1,0,0,Powerpegging,Evoker,Augmentation,275,DPS,30.57m,"141,610.0",24.58%,930.7k,"4,311.3",1,0,0,Aladinpal,Paladin,Retribution,278,DPS,41.72m,"193,265.9",33.54%,613.3k,"2,840.8",1,0,0,Stiléttø,Rogue,Subtlety,277,DPS,35.16m,"162,870.0",28.27%,595.1k,"2,756.6",0,0,0,Knobweed,Druid,Restoration,278,Healer,208.5k,966.0,0.17%,9.68m,"44,857.1",1,0,0
BudoBoy07,Algeth'ar Academy,17,29:01,2026-04-20 15:42,0,0,Hadooginahh: Germinate (3:36),Axoul: Energy Eruption (27:26),Hadooginahh: Energy Eruption (27:35),Axoul: Energy Eruption (28:05),Powerpegging: Overwhelming Power (28:36),Hadooginahh: Overwhelming Power (28:50),Vantru: Wild Energy (28:59),Eurylia: Astral Blast (29:01),,,,,,,,,,,,,Eurylia,Demon Hunter,Vengeance,276,Tank,119.96m,"68,885.1",13.67%,89.43m,"51,350.0",1,0,0,Powerpegging,Evoker,Augmentation,275,DPS,224.48m,"128,901.3",25.58%,8.01m,"4,598.3",1,0,0,Vantru,Death Knight,Unholy,277,DPS,254.27m,"146,007.2",28.97%,5.88m,"3,374.3",1,0,0,Hadooginahh,Warlock,Demonology,277,DPS,258.33m,"148,337.4",29.44%,9.44m,"5,423.4",3,0,0,Axoul,Druid,Restoration,278,Healer,20.53m,"11,790.2",2.34%,127.94m,"73,463.6",2,0,0
BudoBoy07,Skyreach,17,26:28,2026-04-20 15:07,1,2,Vantru: Solar Flame (21:16),,,,,,,,,,,,,,,,,,,,Eurylia,Demon Hunter,Vengeance,276,Tank,103.70m,"65,546.5",15.26%,76.28m,"48,215.6",0,0,0,Powerpegging,Evoker,Augmentation,275,DPS,190.25m,"120,257.1",28.00%,7.41m,"4,686.5",0,0,0,Vantru,Death Knight,Unholy,277,DPS,166.54m,"105,268.2",24.51%,8.35m,"5,278.6",1,0,0,Hadooginahh,Warlock,Demonology,277,DPS,193.37m,"122,227.4",28.46%,11.45m,"7,239.3",0,0,0,Calzônë,Monk,Mistweaver,278,Healer,25.66m,"16,221.1",3.78%,150.77m,"95,302.4",0,0,0
BudoBoy07,Maisara Caverns,17,3:46,2026-04-20 14:59,0,0,Belnoob: Melee (3:38),Kïrâdk: Melee (3:40),,,,,,,,,,,,,,,,,,,Belnoob,Monk,Brewmaster,276,Tank,20.92m,"92,266.0",11.71%,20.56m,"90,661.4",1,0,0,Powerpegging,Evoker,Augmentation,275,DPS,50.98m,"224,804.3",28.55%,1.58m,"6,959.0",0,0,0,Kïrâdk,Death Knight,Unholy,279,DPS,43.50m,"191,835.9",24.36%,1.69m,"7,440.4",1,0,0,Chuckmcgill,Warlock,Demonology,279,DPS,59.94m,"264,306.5",33.56%,2.12m,"9,343.0",0,0,0,Анон,Druid,Restoration,277,Healer,3.24m,"14,268.0",1.81%,22.08m,"97,383.1",0,0,0
BudoBoy07,Maisara Caverns,17,2:46,2026-04-20 14:56,0,0,Belnoob: Melee (0:24),Анон: Melee (0:26),Kïrâdk: Melee (0:28),Chuckmcgill: Rending Gore (0:35),,,,,,,,,,,,,,,,,Belnoob,Monk,Brewmaster,276,Tank,279.1k,"1,674.9",4.24%,726.8k,"4,361.6",1,0,0,Powerpegging,Evoker,Augmentation,275,DPS,3.10m,"18,592.3",47.08%,38.2k,229.1,0,0,0,Kïrâdk,Death Knight,Unholy,279,DPS,536.3k,"3,218.5",8.14%,246.5k,"1,479.1",1,0,0,Chuckmcgill,Warlock,Demonology,279,DPS,2.64m,"15,847.3",40.09%,176.4k,"1,058.3",1,0,0,Анон,Druid,Restoration,277,Healer,29.5k,177.0,0.45%,433.9k,"2,604.1",1,0,0
BudoBoy07,Windrunner Spire,16,31:31,2026-04-20 01:37,1,1,Burglarbb: Flaming Twisters (6:59),Ahad: Phial Toss (10:11),Ahad: Melee (14:55),Ahad: Reckless Leap (19:45),Punchbo: Arrow Rain (25:06),Burglarbb: Squall Leap (25:24),Ahad: Storming Soulfont (25:27),Powerpegging: Gust Shot (25:30),Kusneymonk: Bolt Gale (25:36),,,,,,,,,,,,Kusneymonk,Monk,Brewmaster,279,Tank,136.39m,"77,299.2",15.62%,83.51m,"47,327.8",1,0,0,Powerpegging,Evoker,Augmentation,275,DPS,236.22m,"133,876.3",27.05%,6.94m,"3,931.1",1,0,0,Burglarbb,Death Knight,Unholy,278,DPS,221.12m,"125,321.5",25.32%,6.61m,"3,748.5",2,0,0,Ahad,Demon Hunter,Devourer,277,DPS,221.44m,"125,503.2",25.36%,13.38m,"7,581.9",4,0,0,Punchbo,Monk,Mistweaver,273,Healer,58.15m,"32,954.9",6.66%,151.77m,"86,016.8",1,0,0
BudoBoy07,Nexus-Point Xenas,16,30:19,2026-04-20 01:31,0,0,Sholmes: Erratic Zap (2:16),Sholmes: Leyline Array (7:58),Sholmes: Reflux Charge (8:35),Powerpegging: Leyline Array (8:51),Akkharlock: Void Lash (15:32),Sholmes: Void Lash (15:33),Lìandrin: Dark Beckoning (17:18),Sholmes: Melee (20:25),,,,,,,,,,,,,Felikswar,Warrior,Protection,278,Tank,105.66m,"61,890.9",14.11%,71.34m,"41,783.6",0,0,0,Powerpegging,Evoker,Augmentation,275,DPS,202.54m,"118,635.6",27.05%,16.28m,"9,533.3",1,0,0,Sholmes,Paladin,Retribution,278,DPS,173.08m,"101,377.4",23.12%,8.38m,"4,911.2",5,0,0,Akkharlock,Warlock,Demonology,279,DPS,237.13m,"138,893.5",31.67%,12.66m,"7,416.5",1,0,0,Lìandrin,Priest,Discipline,278,Healer,30.34m,"17,770.0",4.05%,126.44m,"74,061.1",1,0,0
BudoBoy07,Skyreach,16,27:27,2026-04-20 00:35,1,0,Kuroexe: Chakram Vortex (4:32),Kuroexe: Chakram Vortex (6:31),Dobrymudzin: Falling (17:44),Dobrymudzin: Falling (18:08),,,,,,,,,,,,,,,,,Dobrymudzin,Paladin,Protection,276,Tank,90.26m,"56,545.2",14.38%,50.83m,"31,842.8",2,0,0,Powerpegging,Evoker,Augmentation,275,DPS,158.84m,"99,502.9",25.30%,5.10m,"3,194.6",0,0,0,Kuroexe,Demon Hunter,Havoc,275,DPS,171.00m,"107,123.5",27.23%,11.06m,"6,928.7",2,0,0,Ivusz,Druid,Balance,276,DPS,155.06m,"97,137.0",24.70%,4.59m,"2,872.6",0,0,0,Kenshiraa,Monk,Mistweaver,275,Healer,52.73m,"33,033.0",8.40%,125.71m,"78,750.1",0,0,0
BudoBoy07,Skyreach,16,27:27,2026-04-20 00:35,1,4,Kuroexe: Chakram Vortex (4:32),Kuroexe: Chakram Vortex (6:31),Dobrymudzin: Falling (17:44),Dobrymudzin: Falling (18:08),,,,,,,,,,,,,,,,,Dobrymudzin,Paladin,Protection,276,Tank,90.26m,"56,545.2",14.38%,50.83m,"31,842.8",2,0,0,Powerpegging,Evoker,Augmentation,275,DPS,158.84m,"99,502.9",25.30%,5.10m,"3,194.6",0,0,0,Kuroexe,Demon Hunter,Havoc,275,DPS,171.00m,"107,123.5",27.23%,11.06m,"6,928.7",2,0,0,Ivusz,Druid,Balance,276,DPS,155.06m,"97,137.0",24.70%,4.59m,"2,872.6",0,0,0,Kenshiraa,Monk,Mistweaver,275,Healer,52.73m,"33,033.0",8.40%,125.71m,"78,750.1",0,0,0
BudoBoy07,Maisara Caverns,16,25:21,2026-04-20 00:13,0,0,Balkonthyr: Deafening Roar (1:07),Balkonthyr: Vile Potatoad (1:09),Isustain: Fetid Quillstorm (10:01),Isustain: Barrage (12:20),Isustain: Necrotic Convergence (24:21),Balkonthyr: Coalesced Death (24:32),Dragetid: Withering Miasma (24:36),Powerpegging: Withering Miasma (24:38),Készpénz: Coalesced Death (24:45),,,,,,,,,,,,Készpénz,Monk,Brewmaster,276,Tank,119.39m,"78,484.1",16.15%,89.20m,"58,634.4",1,0,0,Powerpegging,Evoker,Augmentation,275,DPS,193.38m,"127,118.1",26.16%,8.63m,"5,672.3",1,0,0,Dragetid,Evoker,Augmentation,277,DPS,201.62m,"132,537.8",27.27%,7.82m,"5,140.5",1,0,0,Isustain,Warlock,Demonology,277,DPS,197.90m,"130,094.4",26.77%,9.27m,"6,093.5",3,0,0,Balkonthyr,Evoker,Preservation,277,Healer,27.04m,"17,773.5",3.66%,113.49m,"74,602.9",3,0,0
BudoBoy07,Maisara Caverns,16,31:39,2026-04-19 15:37,1,0,Slàm: Magma Surge (6:42),Miquella: Ritual Drums (23:52),It: Grim Ward (24:18),Miquella: Spectral Strikes (25:37),Slàm: Soulstorms (26:53),,,,,,,,,,,,,,,,Imrlystoned,Monk,Brewmaster,279,Tank,144.48m,"78,813.0",15.43%,95.50m,"52,096.4",0,0,0,Powerpegging,Evoker,Augmentation,275,DPS,265.44m,"144,792.1",28.34%,7.96m,"4,343.7",0,0,0,Miquella,Death Knight,Unholy,275,DPS,254.37m,"138,757.3",27.16%,13.98m,"7,625.8",2,0,0,Slàm,Warrior,Fury,279,DPS,253.92m,"138,508.5",27.11%,12.98m,"7,078.4",2,0,0,It,Druid,Restoration,279,Healer,18.40m,"10,036.3",1.96%,159.93m,"87,237.3",1,0,0
BudoBoy07,Pit of Saron,17,29:23,2026-04-18 23:35,1,0,Stonehill: Dread Pulse (13:11),Dragetid: Torrent of Misery (13:15),Powerpegging: Ice Bolt (22:37),,,,,,,,,,,,,,,,,,Forvirretgut,Monk,Brewmaster,277,Tank,142.77m,"82,690.7",15.42%,112.50m,"65,154.8",0,0,0,Powerpegging,Evoker,Devastation,275,DPS,233.85m,"135,443.1",25.25%,11.62m,"6,730.6",1,0,0,Crimson,Death Knight,Unholy,273,DPS,281.38m,"162,969.3",30.38%,10.28m,"5,951.6",0,0,0,Dragetid,Evoker,Augmentation,277,DPS,246.27m,"142,634.2",26.59%,7.42m,"4,295.0",1,0,0,Stonehill,Paladin,Holy,276,Healer,21.78m,"12,611.9",2.35%,134.91m,"78,135.1",1,0,0
BudoBoy07,Skyreach,16,38:07,2026-04-18 21:31,0,0,Dragetid: Dire Screech (1:19),Cornichonen: Melee (3:04),Lauree: Chakram Vortex (4:53),Dragetid: Chakram Vortex (6:22),Powerpegging: Solar Flame (9:18),Powerpegging: Solar Barrier (9:58),Lauree: Solar Flame (10:02),Lauree: Supernova (11:51),Lauree: Melee (14:49),Cornichonen: Melee (20:10),Dragetid: Melee (20:12),Lauree: Melee (20:13),Crimson: Melee (20:14),Powerpegging: Melee (20:36),Lauree: Melee (20:38),Cornichonen: Melee (20:50),Dragetid: Melee (20:51),Crimson: Melee (20:55),Lauree: Melee (20:56),Powerpegging: Solar Fire (21:54),Cornichonen,Death Knight,Blood,271,Tank,117.78m,"59,885.8",17.44%,149.73m,"76,128.2",4,0,0,Powerpegging,Evoker,Preservation,275,Healer,33.91m,"17,242.6",5.02%,148.93m,"75,722.2",7,0,0,Crimson,Death Knight,Unholy,272,DPS,188.70m,"95,947.1",27.94%,13.39m,"6,808.6",4,0,0,Lauree,Demon Hunter,Devourer,273,DPS,153.42m,"78,009.1",22.71%,14.17m,"7,203.9",9,0,0,Dragetid,Evoker,Devastation,277,DPS,181.62m,"92,344.6",26.89%,11.80m,"5,997.5",7,0,0
BudoBoy07,Skyreach,16,2:07,2026-04-18 21:29,0,0,Cornichonen: Time Dilation (0:27),Dragetid: Melee (0:28),Crimson: Wind Claws (0:29),Lauree: Melee (0:30),,,,,,,,,,,,,,,,,Cornichonen,Death Knight,Blood,271,Tank,4.48m,"35,251.3",22.86%,4.36m,"34,328.4",1,0,0,Powerpegging,Evoker,Preservation,275,Healer,1.65m,"12,940.4",8.42%,1.82m,"14,322.3",0,0,0,Crimson,Death Knight,Unholy,272,DPS,6.18m,"48,597.9",31.53%,199.6k,"1,569.7",1,0,0,Lauree,Demon Hunter,Devourer,273,DPS,1.22m,"9,592.2",6.22%,78.3k,616.1,1,0,0,Dragetid,Evoker,Devastation,277,DPS,6.07m,"47,706.7",30.97%,85.8k,674.8,1,0,0
BudoBoy07,Skyreach,16,2:46,2026-04-18 21:26,0,0,,,,,,,,,,,,,,,,,,,,,Cornichonen,Death Knight,Blood,271,Tank,7.97m,"47,755.3",13.55%,8.46m,"50,724.9",0,0,0,Powerpegging,Evoker,Preservation,275,Healer,3.17m,"18,992.2",5.39%,6.19m,"37,096.7",0,0,0,Crimson,Death Knight,Unholy,272,DPS,12.90m,"77,304.6",21.93%,133.8k,801.7,0,0,0,Lauree,Demon Hunter,Devourer,273,DPS,15.78m,"94,565.0",26.82%,699.7k,"4,193.1",0,0,0,Dragetid,Evoker,Devastation,277,DPS,19.01m,"113,908.1",32.31%,934.5k,"5,600.6",0,0,0
BudoBoy07,Algeth'ar Academy,16,46:08,2026-04-18 20:32,0,0,Tamatoa: Deadly Winds (6:55),Tamatoa: Melee (8:48),Lauree: Melee (8:49),Dragetid: Raging Screech (9:14),Cornichonen: Melee (9:15),Dragetid: Deafening Screech (14:25),Lauree: Vicious Ambush (15:07),Tamatoa: Spellbound Weapon (15:34),Cornichonen: Melee (15:36),Powerpegging: Vicious Ambush (15:41),Lauree: Vicious Ambush (15:41),Dragetid: Vicious Ambush (15:42),Powerpegging: Vicious Lunge (16:12),Tamatoa: Melee (19:32),Powerpegging: Mana Bomb (22:40),Powerpegging: Mana Bomb (23:24),Dragetid: Arcane Fissure (23:45),Tamatoa: Arcane Expulsion (24:13),Lauree: Arcane Orb (24:18),Cornichonen: Arcane Orb (24:18),Tamatoa,Monk,Brewmaster,264,Tank,124.32m,"50,195.1",13.23%,88.06m,"35,556.8",7,0,0,Powerpegging,Evoker,Preservation,275,Healer,48.81m,"19,706.7",5.19%,152.10m,"61,412.9",7,0,0,Cornichonen,Death Knight,Unholy,271,DPS,270.92m,"109,388.1",28.82%,11.75m,"4,745.1",6,0,0,Lauree,Demon Hunter,Devourer,273,DPS,236.52m,"95,497.7",25.16%,14.47m,"5,843.0",6,0,0,Dragetid,Evoker,Augmentation,277,DPS,259.37m,"104,726.7",27.59%,9.61m,"3,878.5",5,0,0
BudoBoy07,Algeth'ar Academy,16,4:02,2026-04-18 20:28,0,0,Tamatoa: Melee (1:21),Lauree: Melee (2:36),Dragetid: Germinate (2:58),Cornichonen: Germinate (2:58),Powerpegging: Germinate (2:58),Tamatoa: Splinterbark (3:09),,,,,,,,,,,,,,,Tamatoa,Monk,Brewmaster,264,Tank,14.03m,"57,806.6",10.29%,8.71m,"35,892.7",2,0,0,Powerpegging,Evoker,Preservation,275,Healer,6.71m,"27,627.7",4.92%,10.42m,"42,903.9",1,0,0,Cornichonen,Death Knight,Unholy,271,DPS,38.86m,"160,066.2",28.50%,251.4k,"1,035.3",1,0,0,Lauree,Demon Hunter,Devourer,273,DPS,33.48m,"137,892.8",24.55%,699.8k,"2,882.5",1,0,0,Dragetid,Evoker,Devastation,277,DPS,43.29m,"178,316.3",31.74%,530.8k,"2,186.3",1,0,0
BudoBoy07,Algeth'ar Academy,16,3:01,2026-04-18 20:25,0,0,Tamatoa: Vile Bite (1:29),Cornichonen: Vile Bite (1:47),Lauree: Melee (1:49),Tamatoa: Vile Bite (2:10),Dragetid: Melee (2:12),,,,,,,,,,,,,,,,Tamatoa,Monk,Brewmaster,264,Tank,13.01m,"71,559.3",9.94%,9.68m,"53,213.1",2,0,0,Powerpegging,Evoker,Preservation,275,Healer,5.09m,"28,017.1",3.89%,8.94m,"49,163.6",0,0,0,Cornichonen,Death Knight,Unholy,271,DPS,35.71m,"196,384.5",27.29%,441.5k,"2,428.2",1,0,0,Lauree,Demon Hunter,Devourer,273,DPS,32.21m,"177,143.8",24.61%,535.9k,"2,947.3",1,0,0,Dragetid,Evoker,Devastation,277,DPS,44.84m,"246,576.3",34.27%,1.17m,"6,459.5",1,0,0
BudoBoy07,Algeth'ar Academy,16,3:09,2026-04-18 20:22,0,0,Tamatoa: Melee (1:45),Dragetid: Melee (1:47),Lauree: Seed Detonation (2:03),Cornichonen: Melee (2:06),Tamatoa: Melee (2:12),Powerpegging: Melee (2:14),,,,,,,,,,,,,,,Tamatoa,Monk,Brewmaster,264,Tank,8.89m,"47,026.6",6.90%,5.93m,"31,370.7",2,0,0,Powerpegging,Evoker,Preservation,275,Healer,6.69m,"35,367.8",5.19%,9.31m,"49,266.5",1,0,0,Cornichonen,Death Knight,Unholy,271,DPS,42.91m,"227,014.1",33.29%,1.21m,"6,411.6",1,0,0,Lauree,Demon Hunter,Devourer,273,DPS,29.00m,"153,383.0",22.50%,572.1k,"3,026.2",1,0,0,Dragetid,Evoker,Devastation,277,DPS,41.39m,"218,956.8",32.12%,727.3k,"3,847.2",1,0,0
BudoBoy07,Algeth'ar Academy,16,2:40,2026-04-18 20:19,0,0,Tamatoa: Vile Bite (1:19),Dragetid: Melee (1:20),Cornichonen: Melee (1:20),Lauree: Melee (1:36),,,,,,,,,,,,,,,,,Tamatoa,Monk,Brewmaster,264,Tank,10.00m,"62,448.2",8.60%,4.97m,"31,017.3",1,0,0,Powerpegging,Evoker,Preservation,275,Healer,5.85m,"36,540.4",5.03%,4.84m,"30,232.0",0,0,0,Cornichonen,Death Knight,Unholy,271,DPS,33.46m,"208,925.8",28.78%,265.4k,"1,657.0",1,0,0,Lauree,Demon Hunter,Devourer,273,DPS,27.47m,"171,492.8",23.62%,422.0k,"2,634.7",1,0,0,Dragetid,Evoker,Devastation,277,DPS,39.50m,"246,634.4",33.97%,151.8k,947.6,1,0,0
BudoBoy07,Algeth'ar Academy,16,2:23,2026-04-18 20:12,0,0,Tamatoa: Melee (1:18),Lauree: Vile Bite (1:29),Tamatoa: Vile Bite (1:53),Powerpegging: Melee (1:56),Dragetid: Darting Sting (2:10),Lauree: Vile Bite (2:13),,,,,,,,,,,,,,,Tamatoa,Monk,Brewmaster,264,Tank,8.41m,"58,526.6",8.29%,5.67m,"39,478.4",2,0,0,Powerpegging,Evoker,Devastation,275,DPS,26.64m,"185,378.2",26.25%,983.9k,"6,847.8",1,0,0,Lauree,Demon Hunter,Devourer,273,DPS,19.19m,"133,580.8",18.91%,432.4k,"3,009.2",2,0,0,Dragetid,Evoker,Devastation,277,DPS,44.86m,"312,185.2",44.20%,681.4k,"4,742.5",1,0,0,Thaedrel,Paladin,Holy,277,Healer,2.39m,"16,660.1",2.35%,6.43m,"44,777.3",0,0,0
BudoBoy07,Algeth'ar Academy,18,38:49,2026-04-18 16:48,0,0,Forvirretgut: Vile Bite (1:44),Dragetid: Deafening Screech (15:04),Maxxmonk: Deafening Screech (15:06),Dragetid: Vicious Ambush (17:53),Powerpegging: Arcane Fissure (23:16),Dragetid: Arcane Smash (28:44),Powerpegging: Astral Whirlwind (28:49),Powerpegging: Astral Whirlwind (29:36),Maxxmonk: Arcane Smash (29:45),Cornichonen: Arcane Smash (29:48),Forvirretgut: Melee (29:50),Dragetid: Energy Eruption (33:12),Maxxmonk: Energy Bomb (37:03),,,,,,,,Forvirretgut,Monk,Brewmaster,277,Tank,160.05m,"70,719.6",14.81%,123.55m,"54,594.0",2,0,0,Powerpegging,Evoker,Devastation,275,DPS,276.17m,"122,027.9",25.56%,10.17m,"4,494.2",3,0,0,Cornichonen,Death Knight,Unholy,271,DPS,324.89m,"143,556.0",30.07%,13.70m,"6,054.9",1,0,0,Dragetid,Evoker,Augmentation,277,DPS,236.86m,"104,661.1",21.92%,8.25m,"3,645.2",4,0,0,Maxxmonk,Monk,Mistweaver,280,Healer,82.38m,"36,399.5",7.63%,208.69m,"92,211.4",3,0,0
BudoBoy07,Magisters' Terrace,15,31:11,2026-04-18 16:10,1,3,Dragetid: Runic Glaive (8:12),Qash: Feedback (12:12),Qash: Cosmic Sting (20:15),Qash: Terror Wave (20:55),Qash: Terror Wave (21:18),Powerpegging: Terror Wave (21:41),Cornichonen: Dimensional Shred (21:42),Dragetid: Consuming Void (21:47),Qash: Terror Wave (22:00),Forvirretgut: Consuming Void (22:02),Dragetid: Consuming Void (22:05),Cornichonen: Dimensional Shred (22:08),Powerpegging: Melee (22:13),Dragetid: Devouring Entropy (26:44),,,,,,,Forvirretgut,Monk,Brewmaster,277,Tank,117.11m,"70,141.6",13.29%,70.63m,"42,305.0",1,0,0,Powerpegging,Evoker,Devastation,275,DPS,223.83m,"134,064.2",25.39%,8.37m,"5,015.1",2,0,0,Cornichonen,Death Knight,Unholy,271,DPS,240.19m,"143,864.8",27.25%,8.91m,"5,338.5",2,0,0,Dragetid,Evoker,Devastation,275,DPS,241.32m,"144,537.8",27.38%,8.89m,"5,324.1",4,0,0,Qash,Monk,Mistweaver,275,Healer,59.04m,"35,362.4",6.70%,140.52m,"84,162.8",5,0,0
BudoBoy07,Magisters' Terrace,15,5:02,2026-04-18 16:01,0,0,Dragetid: Holy Fire (2:03),Powerpegging: Crowd Dispersal (4:29),Powerpegging: Arcane Residue (4:46),Tottank: Crowd Dispersal (4:57),Dragetid: Crowd Dispersal (4:57),Almü: Melee (4:59),Cornichonen: Melee (5:00),,,,,,,,,,,,,,Almü,Monk,Brewmaster,277,Tank,26.45m,"87,466.6",17.74%,16.34m,"54,037.3",1,0,0,Powerpegging,Evoker,Devastation,275,DPS,35.26m,"116,618.8",23.65%,2.16m,"7,160.4",2,0,0,Cornichonen,Death Knight,Unholy,271,DPS,45.07m,"149,054.9",30.23%,2.35m,"7,761.4",1,0,0,Dragetid,Evoker,Devastation,275,DPS,40.61m,"134,312.7",27.24%,2.62m,"8,669.5",2,0,0,Tottank,Druid,Restoration,276,Healer,1.69m,"5,588.6",1.13%,19.36m,"64,020.4",1,0,0
BudoBoy07,Nexus-Point Xenas,17,2:29,2026-04-18 15:51,0,0,Cornichonen: Corespark Overload (1:55),Powerpegging: Corespark Overload (2:00),Ziruid: Corespark Overload (2:02),Monkie: Umbra Bolt (2:06),Dragetid: Arcane Zap (2:06),,,,,,,,,,,,,,,,Monkie,Monk,Brewmaster,276,Tank,10.36m,"69,482.5",13.97%,6.63m,"44,473.0",1,0,0,Powerpegging,Evoker,Devastation,275,DPS,19.86m,"133,176.1",26.78%,1.38m,"9,259.9",1,0,0,Cornichonen,Death Knight,Unholy,271,DPS,22.29m,"149,473.0",30.05%,1.73m,"11,577.7",1,0,0,Dragetid,Evoker,Devastation,275,DPS,20.73m,"139,001.6",27.95%,2.34m,"15,704.8",1,0,0,Ziruid,Druid,Restoration,279,Healer,924.2k,"6,197.5",1.25%,12.11m,"81,187.0",1,0,0
BudoBoy07,Nexus-Point Xenas,18,3:26,2026-04-18 15:38,0,0,Smygrosa: Umbra Bolt (2:03),Cornichonen: Erratic Zap (3:02),Smygrosa: Erratic Zap (3:11),Cíì: Arcane Zap (3:15),Dragetid: Erratic Zap (3:19),,,,,,,,,,,,,,,,Cíì,Monk,Brewmaster,278,Tank,17.46m,"84,740.4",14.55%,11.66m,"56,596.1",1,0,0,Powerpegging,Evoker,Devastation,275,DPS,29.55m,"143,373.0",24.62%,1.07m,"5,201.0",0,0,0,Cornichonen,Death Knight,Unholy,271,DPS,33.42m,"162,170.3",27.84%,2.02m,"9,821.2",1,0,0,Dragetid,Evoker,Devastation,275,DPS,34.98m,"169,738.8",29.14%,1.17m,"5,667.9",1,0,0,Smygrosa,Paladin,Holy,279,Healer,4.62m,"22,406.2",3.85%,16.26m,"78,901.6",2,0,0
BudoBoy07,Magisters' Terrace,15,28:59,2026-04-18 14:58,0,0,Drakatis: Flamestrike (4:23),Wtfox: Melee (26:34),Justdead: Hulking Fragment (28:31),Powerpegging: Entropy Blast (28:33),Wtfox: Melee (28:38),Drakatis: Entropy Orb (28:40),Justdead: Umbral Splinters (28:59),Omgbobi: Entropy Blast (28:59),,,,,,,,,,,,,Justdead,Monk,Brewmaster,279,Tank,147.04m,"84,521.8",16.15%,70.61m,"40,588.5",2,0,0,Powerpegging,Evoker,Devastation,275,DPS,223.51m,"128,476.8",24.55%,7.48m,"4,302.4",1,0,0,Omgbobi,Death Knight,Unholy,277,DPS,244.96m,"140,810.7",26.91%,10.72m,"6,160.9",1,0,0,Drakatis,Paladin,Retribution,274,DPS,224.70m,"129,162.5",24.68%,10.83m,"6,223.3",2,0,0,Wtfox,Monk,Mistweaver,279,Healer,70.11m,"40,298.8",7.70%,147.30m,"84,668.8",2,0,0
BudoBoy07,The Seat of the Triumvirate,16,31:46,2026-04-18 13:45,1,1,Ðeathclaw: Void Slam (8:50),Dotipoti: Eruption (19:29),Dotipoti: Umbral Waves (20:28),,,,,,,,,,,,,,,,,,Chiifu,Monk,Brewmaster,279,Tank,94.87m,"50,717.0",11.80%,89.28m,"47,727.9",0,0,0,Powerpegging,Evoker,Devastation,275,DPS,210.47m,"112,510.6",26.19%,9.29m,"4,966.8",0,0,0,Togor,Mage,Frost,277,DPS,226.96m,"121,329.9",28.24%,12.95m,"6,923.3",0,0,0,Dotipoti,Warlock,Demonology,278,DPS,246.52m,"131,785.2",30.67%,15.22m,"8,135.6",2,0,0,Ðeathclaw,Druid,Restoration,278,Healer,24.88m,"13,301.6",3.10%,179.63m,"96,028.4",1,0,0
BudoBoy07,Algeth'ar Academy,16,20:00,2026-04-18 00:40,0,0,Dhaato: Vile Bite (1:48),Lauree: Expel Intruders (7:45),Negrasagrada: Gust (9:30),Negrasagrada: Deafening Screech (14:36),Dragetid: Deafening Screech (14:42),Lauree: Blistering Fire (14:44),Powerpegging: Surge (19:42),Negrasagrada: Surge (19:54),Dhaato: Melee (19:56),Lauree: Melee (19:58),Dragetid: Melee (19:59),,,,,,,,,,Dhaato,Demon Hunter,Vengeance,276,Tank,108.11m,"90,085.5",17.11%,57.34m,"47,777.0",2,0,0,Powerpegging,Evoker,Devastation,275,DPS,176.72m,"147,254.1",27.97%,7.54m,"6,282.0",1,0,0,Lauree,Demon Hunter,Devourer,273,DPS,165.21m,"137,666.2",26.15%,8.74m,"7,286.6",3,0,0,Dragetid,Evoker,Augmentation,277,DPS,171.50m,"142,909.7",27.15%,3.62m,"3,019.2",2,0,0,Negrasagrada,Paladin,Holy,276,Healer,10.17m,"8,473.0",1.61%,71.16m,"59,295.6",3,0,0
BudoBoy07,Algeth'ar Academy,16,6:17,2026-04-18 00:34,0,0,Dhaato: Melee (4:47),Powerpegging: Melee (4:49),Lauree: Melee (4:59),Dragetid: Melee (5:01),Negrasagrada: Melee (5:05),,,,,,,,,,,,,,,,Dhaato,Demon Hunter,Vengeance,276,Tank,35.72m,"94,582.2",15.48%,15.46m,"40,937.2",1,0,0,Powerpegging,Evoker,Devastation,275,DPS,68.27m,"180,784.0",29.59%,1.26m,"3,334.1",1,0,0,Lauree,Demon Hunter,Devourer,273,DPS,62.99m,"166,790.4",27.30%,1.50m,"3,963.8",1,0,0,Dragetid,Evoker,Augmentation,277,DPS,61.58m,"163,067.0",26.69%,948.9k,"2,512.6",1,0,0,Negrasagrada,Paladin,Holy,276,Healer,2.17m,"5,756.8",0.94%,17.27m,"45,741.3",1,0,0
BudoBoy07,Algeth'ar Academy,16,3:10,2026-04-18 00:31,0,0,Dhaato: Vile Bite (1:57),Powerpegging: Melee (1:59),Dhaato: Seed Detonation (2:06),,,,,,,,,,,,,,,,,,Dhaato,Demon Hunter,Vengeance,276,Tank,18.48m,"97,073.6",15.40%,8.92m,"46,845.1",2,0,0,Powerpegging,Evoker,Devastation,275,DPS,35.44m,"186,110.5",29.53%,602.9k,"3,166.2",1,0,0,Lauree,Demon Hunter,Devourer,273,DPS,42.11m,"221,139.9",35.09%,478.6k,"2,513.6",0,0,0,Dragetid,Evoker,Augmentation,277,DPS,23.55m,"123,696.9",19.62%,169.2k,888.5,0,0,0,Negrasagrada,Paladin,Holy,276,Healer,431.6k,"2,266.7",0.36%,7.63m,"40,058.7",0,0,0
BudoBoy07,Maisara Caverns,17,32:46,2026-04-17 20:40,1,0,Powerpegging: Shadow Burst (4:26),Stonehill: Searing Presence (8:17),Powerpegging: Searing Presence (8:44),Cornichonen: Magma Surge (8:58),Powerpegging: Ancestral Crush (16:05),Stonehill: Grim Ward (19:47),Forvirretgut: Drain Soul (24:23),Forvirretgut: Withering Soul (30:55),,,,,,,,,,,,,Forvirretgut,Monk,Brewmaster,276,Tank,145.48m,"77,780.7",14.56%,135.00m,"72,181.8",2,0,0,Powerpegging,Evoker,Devastation,275,DPS,249.00m,"133,129.3",24.92%,11.87m,"6,346.1",3,0,0,Cornichonen,Death Knight,Unholy,271,DPS,283.44m,"151,543.5",28.37%,16.29m,"8,710.0",1,0,0,Crimson,Death Knight,Unholy,272,DPS,288.50m,"154,250.4",28.87%,13.82m,"7,389.5",0,0,0,Stonehill,Paladin,Holy,276,Healer,32.80m,"17,538.0",3.28%,140.49m,"75,115.7",2,0,0
BudoBoy07,Maisara Caverns,17,32:46,2026-04-17 20:40,1,1,Powerpegging: Shadow Burst (4:26),Stonehill: Searing Presence (8:17),Powerpegging: Searing Presence (8:44),Cornichonen: Magma Surge (8:58),Powerpegging: Ancestral Crush (16:05),Stonehill: Grim Ward (19:47),Forvirretgut: Drain Soul (24:23),Forvirretgut: Withering Soul (30:55),,,,,,,,,,,,,Forvirretgut,Monk,Brewmaster,276,Tank,145.48m,"77,780.7",14.56%,135.00m,"72,181.8",2,0,0,Powerpegging,Evoker,Devastation,275,DPS,249.00m,"133,129.3",24.92%,11.87m,"6,346.1",3,0,0,Cornichonen,Death Knight,Unholy,271,DPS,283.44m,"151,543.5",28.37%,16.29m,"8,710.0",1,0,0,Crimson,Death Knight,Unholy,272,DPS,288.50m,"154,250.4",28.87%,13.82m,"7,389.5",0,0,0,Stonehill,Paladin,Holy,276,Healer,32.80m,"17,538.0",3.28%,140.49m,"75,115.7",2,0,0
BudoBoy07,Nexus-Point Xenas,16,28:23,2026-04-17 19:49,1,2,Cornichonen: Dark Beckoning (12:14),Stonehill: Dark Beckoning (13:24),,,,,,,,,,,,,,,,,,,Forvirretgut,Monk,Brewmaster,276,Tank,106.58m,"63,364.7",14.08%,80.43m,"47,816.8",0,0,0,Powerpegging,Evoker,Devastation,275,DPS,188.85m,"112,271.4",24.95%,7.67m,"4,562.8",0,0,0,Cornichonen,Death Knight,Unholy,270,DPS,206.04m,"122,495.1",27.22%,9.87m,"5,867.3",1,0,0,Crimson,Death Knight,Unholy,271,DPS,233.52m,"138,826.7",30.85%,9.66m,"5,742.7",0,0,0,Stonehill,Paladin,Holy,276,Healer,22.02m,"13,090.2",2.91%,113.71m,"67,599.2",1,0,0
BudoBoy07,Nexus-Point Xenas,17,16:11,2026-04-17 19:33,0,0,Forvirretgut: Arcing Mana (4:26),Cornichonen: Arcane Explosion (4:27),Powerpegging: Arcane Explosion (4:27),Crimson: Arcane Explosion (4:27),Stonehill: Arcane Explosion (4:28),Powerpegging: Suppression Field (7:05),Powerpegging: Leyline Array (9:24),Crimson: Leyline Array (10:10),Powerpegging: Leyline Array (10:19),Stonehill: Arcane Spill (10:30),Cornichonen: Sparkburn (11:09),Forvirretgut: Sparkburn (11:11),,,,,,,,,Forvirretgut,Monk,Brewmaster,276,Tank,49.25m,"50,716.0",14.90%,39.96m,"41,145.1",2,0,0,Powerpegging,Evoker,Devastation,275,DPS,76.07m,"78,330.7",23.01%,2.54m,"2,618.0",4,0,0,Cornichonen,Death Knight,Unholy,270,DPS,104.69m,"107,798.0",31.67%,4.59m,"4,722.8",2,0,0,Crimson,Death Knight,Unholy,271,DPS,92.29m,"95,034.7",27.92%,4.16m,"4,286.1",2,0,0,Benaten,Druid,Feral,249,DPS,166.2k,171.2,0.05%,,,0,0,0
BudoBoy07,Pit of Saron,17,29:20,2026-04-17 18:46,1,1,Powerpegging: Plague Spew (3:32),Stonehill: Torrent of Misery (3:48),Stonehill: Torrent of Misery (13:29),,,,,,,,,,,,,,,,,,Forvirretgut,Monk,Brewmaster,276,Tank,133.54m,"77,463.6",14.63%,112.41m,"65,205.1",0,0,0,Powerpegging,Evoker,Devastation,275,DPS,230.38m,"133,638.9",25.25%,10.30m,"5,974.0",1,0,0,Cornichonen,Death Knight,Unholy,270,DPS,255.57m,"148,251.9",28.01%,11.19m,"6,490.8",0,0,0,Crimson,Death Knight,Unholy,271,DPS,262.32m,"152,165.9",28.75%,10.67m,"6,187.7",0,0,0,Stonehill,Paladin,Holy,276,Healer,30.70m,"17,808.7",3.36%,137.58m,"79,808.4",2,0,0
,,,,,,,,,,,,,,,,,,,,,,,,,,,,,,,,,,,,,,,,,,,,,,,,,,,,,,,,,,,,,,,,,,,,,,,,,,,,,,,,,,,,,,,,,,,
